"competitor_id","total_medals"
15945,"3"
7064,"3"
19608,"8"
18246,"4"
23735,"3"
13030,"3"
11265,"4"
6723,"3"
27617,"3"
25639,"3"
8943,"5"
23209,"3"
13645,"7"
14115,"5"
7545,"3"
12424,"3"
23966,"3"
2865,"4"
13417,"5"
10763,"3"
16468,"3"
3772,"3"
18127,"4"
1693,"3"
9984,"3"
6395,"3"
15510,"4"
3019,"5"
7739,"3"
11284,"6"
13314,"9"
7122,"4"
8832,"3"
18721,"3"
19377,"5"
15225,"3"
5191,"6"
21546,"3"
25386,"8"
18027,"6"
27909,"3"
29,"5"
27569,"3"
12194,"4"
5509,"3"
1807,"4"
7981,"3"
25421,"8"
22483,"3"
15624,"3"
14866,"3"
8935,"4"
2946,"3"
24755,"3"
28106,"3"
9556,"3"
8836,"3"
804,"4"
13540,"3"
5217,"3"
19186,"3"
24699,"4"
27044,"3"
5484,"3"
15050,"7"
3020,"4"
15351,"6"
12011,"3"
11709,"3"
16432,"5"
25196,"8"
16371,"5"
16062,"3"
5687,"4"
12902,"5"
5649,"4"
11652,"8"
10246,"3"
13623,"5"
28086,"4"
3666,"3"
1808,"3"
14537,"3"
26043,"3"
9366,"3"
7508,"6"
27068,"3"
1015,"8"
14616,"4"
11063,"4"
17800,"8"
4352,"6"
8582,"3"
13028,"7"
28135,"3"
25266,"3"
23722,"4"
19078,"3"
25618,"4"
13424,"3"
25976,"4"
3770,"3"
1501,"3"
10436,"3"
15564,"5"
28890,"3"
7998,"3"
24794,"8"
26688,"4"
23975,"3"
12182,"6"
13951,"3"
14536,"4"
22451,"4"
28105,"3"
25077,"4"
22443,"3"
6082,"6"
13952,"3"
16189,"3"
3661,"8"
1412,"3"
21684,"5"
24149,"8"
887,"3"
19631,"5"
13373,"5"
18968,"3"
19184,"3"
12776,"3"
18161,"3"
15018,"8"
24295,"4"
25678,"3"
19653,"3"
25242,"4"
7977,"3"
19936,"3"
28213,"6"
16953,"3"
15726,"3"
7190,"3"
27533,"4"
632,"8"
15179,"5"
8113,"3"
1279,"5"
27242,"3"
22486,"3"
21079,"8"
18481,"8"
14010,"5"
11778,"3"
2916,"6"
9181,"4"
19435,"3"
16687,"3"
5247,"3"
20594,"5"
19926,"3"
22593,"3"
31,"5"
8937,"4"
11465,"4"
5503,"3"
10697,"7"
18625,"3"
22662,"3"
5189,"3"
17822,"4"
65,"3"
23250,"3"
15561,"3"
12938,"4"
9519,"3"
5483,"3"
23790,"8"
15601,"3"
11421,"3"
26941,"4"
19549,"5"
19906,"3"
28948,"6"
19934,"3"
9589,"3"
17537,"3"
21675,"4"
16467,"3"
8328,"5"
14762,"4"
21655,"6"
29162,"12"
11402,"3"
23255,"3"
19904,"3"
25920,"7"
28992,"3"
12589,"3"
3898,"3"
18251,"4"
332,"3"
27578,"3"
25967,"3"
3515,"3"
14418,"3"
19404,"4"
12422,"6"
11962,"8"
11966,"3"
19894,"8"
28034,"4"
12238,"3"
19843,"3"
25157,"7"
18658,"7"
21084,"4"
7615,"3"
9140,"6"
20235,"4"
9217,"3"
16085,"3"
24002,"8"
27043,"3"
26372,"5"
1175,"3"
16686,"3"
23010,"3"
25108,"5"
21840,"4"
28888,"3"
3918,"3"
7465,"3"
3212,"3"
17663,"3"
9453,"3"
7681,"3"
17935,"3"
14113,"4"
27280,"8"
16677,"3"
6468,"3"
12509,"4"
17321,"7"
26137,"6"
24750,"6"
25290,"3"
22110,"3"
4266,"7"
11682,"4"
12780,"7"
22092,"3"
23330,"3"
15701,"3"
1135,"3"
15496,"3"
25068,"4"
27802,"3"
12545,"3"
19950,"3"
22440,"3"
9706,"8"
2265,"3"
15028,"8"
15167,"3"
17884,"3"
20501,"3"
25174,"7"
19735,"3"
27942,"4"
9460,"3"
17510,"7"
17031,"3"
16308,"7"
8858,"6"
28220,"3"
28117,"3"
691,"3"
5330,"3"
3724,"4"
25808,"3"
5332,"3"
4211,"3"
771,"6"
21894,"3"
29049,"8"
11812,"4"
2812,"4"
1689,"4"
27811,"3"
5825,"3"
11878,"3"
29191,"8"
22152,"7"
19531,"3"
24482,"3"
26766,"5"
25165,"3"
9569,"6"
16463,"7"
4028,"4"
24998,"4"
30,"4"
22764,"8"
26168,"3"
12191,"3"
12786,"4"
24763,"3"
28133,"3"
26351,"8"
3130,"5"
12662,"5"
17691,"3"
16992,"8"
14193,"4"
15260,"7"
20726,"3"
26765,"3"
16115,"3"
19674,"3"
18608,"3"
19842,"6"
7294,"6"
19375,"7"
20892,"6"
28954,"6"
24257,"3"
18657,"7"
14891,"5"
11224,"3"
11884,"3"
4638,"5"
26011,"3"
15991,"4"
27869,"3"
5528,"4"
13029,"7"
22835,"3"
20783,"4"
7716,"3"
9591,"3"
17669,"3"
23039,"9"
3581,"3"
24333,"3"
11549,"3"
24151,"8"
25428,"8"
15292,"3"
1367,"5"
24588,"3"
22311,"3"
2210,"4"
9087,"5"
16941,"3"
3704,"3"
23442,"3"
28981,"5"
17389,"3"
24495,"3"
19841,"3"
20180,"3"
17808,"5"
3892,"6"
15549,"5"
28868,"3"
4674,"5"
15548,"3"
6066,"3"
25963,"3"
27926,"4"
1829,"3"
2593,"3"
12764,"3"
16938,"4"
8839,"3"
19532,"4"
18198,"3"
12173,"3"
27939,"3"
23345,"3"
22069,"3"
11674,"3"
16198,"3"
4455,"5"
17488,"8"
19693,"4"
4675,"5"
27978,"3"
3051,"4"
6541,"3"
21555,"3"
2506,"3"
15421,"3"
22339,"3"
23298,"3"
14836,"4"
24496,"4"
20849,"3"
18162,"4"
22860,"3"
4753,"3"
23418,"3"
2619,"3"
20401,"6"
16638,"3"
24889,"6"
4043,"4"
8861,"3"
24743,"8"
11235,"3"
18529,"8"
19578,"3"
17947,"3"
7580,"5"
18032,"3"
11832,"5"
23278,"3"
12448,"3"
18814,"3"
5707,"3"
2662,"4"
17485,"4"
3021,"5"
25201,"6"
53,"3"
8433,"8"
11253,"5"
9194,"4"
25168,"3"
3448,"3"
12250,"8"
11117,"3"
27703,"3"
29034,"3"
19304,"3"
27534,"3"
23021,"7"
6880,"7"
26391,"4"
8558,"8"
19419,"3"
7043,"4"
5706,"3"
4213,"3"
14798,"3"
20475,"3"
20359,"6"
12036,"3"
11715,"6"
14771,"3"
12527,"3"
3660,"7"
16831,"3"
1221,"3"
20121,"8"
12474,"4"
20629,"3"
15003,"3"
29247,"5"
8585,"8"
28544,"3"
5686,"4"
22288,"3"
12192,"3"
4935,"3"
27587,"3"
24405,"3"
12553,"3"
14966,"3"
243,"3"
21438,"3"
27558,"3"
24150,"8"
27163,"3"
5515,"3"
18083,"3"
1863,"3"
25585,"4"
27052,"3"
8895,"5"
13368,"3"
16145,"4"
15700,"3"
6787,"3"
8830,"3"
14763,"3"
5565,"8"
6191,"3"
7157,"3"
304,"5"
16515,"3"
29010,"3"
6701,"7"
18933,"3"
8250,"6"
2216,"4"
14875,"3"
25185,"3"
14342,"3"
20232,"3"
8571,"4"
25481,"3"
2223,"3"
10775,"3"
18443,"4"
16484,"3"
15600,"6"
3896,"3"
21725,"4"
7568,"8"
15892,"8"
4571,"6"
28,"4"
7796,"8"
12693,"3"
7063,"4"
18427,"3"
15528,"3"
4330,"3"
19773,"5"
26142,"3"
25483,"4"
10623,"3"
5827,"3"
21304,"4"
1278,"5"
11602,"3"
7015,"7"
16067,"4"
24277,"4"
676,"4"
12296,"8"
28987,"3"
16034,"3"
23443,"3"
1974,"3"
13606,"4"
24086,"8"
2225,"3"
25558,"3"
21760,"3"
20657,"3"
28871,"4"
10956,"3"
21002,"3"
18492,"4"
18938,"3"
24147,"8"
4456,"4"
6065,"3"
17885,"3"
10536,"3"
26003,"6"
28530,"3"
27905,"3"
6227,"3"
16695,"3"
14874,"3"
8273,"8"
4739,"3"
12037,"3"
20727,"3"
12785,"3"
9681,"4"
21309,"3"
3594,"8"
15599,"4"
5510,"3"
26627,"3"
5946,"4"
24235,"3"
16694,"5"
15748,"3"
5303,"4"
23064,"3"
5788,"3"
13454,"8"
29035,"3"
8327,"4"
28903,"3"
7037,"3"
14277,"3"
20545,"5"
17747,"4"
1763,"3"
27443,"8"
237,"3"
8829,"3"
11441,"4"
19985,"3"
27453,"3"
24492,"3"
11013,"4"
28108,"3"
6740,"6"
17892,"7"
18181,"3"
10364,"3"
10430,"6"
12220,"3"
18879,"3"
28811,"4"
12692,"3"
15238,"4"
12196,"3"
26369,"3"
8475,"5"
589,"4"
16060,"7"
23435,"3"
22621,"8"
24230,"5"
26086,"3"
24984,"8"
27190,"4"
17320,"8"
2078,"3"
7399,"6"
9754,"8"
28983,"3"
26767,"5"
9592,"3"
28493,"3"
9588,"3"
3117,"3"
20405,"3"
21605,"6"
9452,"3"
7390,"8"
27615,"3"
29225,"3"
27632,"3"
15298,"5"
25047,"3"
26772,"5"
1979,"3"
15736,"4"
29096,"3"
8365,"8"
9707,"8"
28850,"6"
12439,"8"
23315,"8"
17242,"3"
19524,"3"
22393,"3"
15156,"4"
19340,"8"
21809,"3"
12384,"4"
18271,"8"
27651,"5"
18201,"7"
27560,"3"
21078,"8"
13546,"3"
18514,"3"
2902,"8"
14485,"4"
4284,"3"
7003,"3"
13582,"3"
4625,"3"
17583,"3"
23694,"3"
26685,"3"
5123,"4"
26150,"3"
19275,"3"
25429,"8"
9105,"4"
3322,"3"
28048,"8"
967,"3"
8893,"3"
26404,"3"
6672,"3"
21212,"3"
20512,"4"
27781,"4"
7341,"3"
9742,"8"
19750,"4"
15713,"3"
25984,"3"
20148,"3"
7708,"3"
14209,"7"
29299,"4"
22153,"6"
12032,"3"
5512,"4"
2870,"3"
15203,"5"
13256,"3"
9995,"5"
2059,"4"
28049,"8"
23687,"6"
13493,"3"
13545,"5"
20383,"3"
16372,"5"
1824,"3"
6838,"6"
9382,"4"
7683,"3"
17623,"3"
28982,"3"
24997,"3"
586,"3"
11870,"3"
28107,"3"
21155,"8"
13760,"3"
16356,"7"
16634,"6"
28967,"3"
17204,"3"
133,"3"
8035,"3"
20663,"5"
1347,"3"
25230,"6"
11354,"3"
22113,"3"
24757,"5"
19498,"3"
1136,"3"
20957,"3"
13055,"8"
16046,"7"
23419,"3"
18939,"3"
24487,"3"
5117,"3"
8731,"6"
8060,"4"
23117,"3"
21297,"3"
6611,"3"
6691,"4"
664,"3"
19969,"4"
21992,"3"
5178,"5"
17883,"4"
25097,"4"
28282,"3"
26526,"3"
24206,"8"
17711,"3"
5278,"6"
11784,"3"
28029,"3"
24525,"7"
17517,"6"
10829,"3"
583,"3"
11116,"5"
25853,"4"
17807,"10"
9947,"3"
24,"8"
9994,"6"
1502,"5"
22668,"3"
28739,"3"
25371,"4"
4058,"5"
23517,"3"
14388,"3"
792,"4"
13176,"3"
11689,"4"
14578,"6"
19942,"3"
11906,"8"
11868,"3"
9458,"3"
7208,"3"
9434,"4"
3087,"4"
5876,"4"
17934,"3"
6828,"8"
19418,"3"
29466,"3"
24004,"8"
20101,"3"
6633,"3"
21029,"4"
20417,"5"
5268,"5"
14800,"3"
265,"4"
12604,"3"
5434,"4"
14510,"5"
7682,"3"
1692,"3"
23343,"3"
20984,"8"
16462,"7"
22782,"8"
13181,"3"
18413,"6"
19511,"6"
21076,"3"
27442,"7"
17536,"3"
21877,"7"
17329,"8"
21259,"6"
12605,"3"
23695,"4"
8076,"8"
18987,"3"
19675,"3"
28881,"6"
7549,"3"
11687,"3"
8204,"4"
15527,"5"
24687,"7"
14280,"5"
13968,"3"
14975,"3"
24713,"6"
16651,"3"
11355,"6"
4657,"3"
6466,"3"
23930,"8"
19734,"5"
12295,"8"
27353,"4"
22154,"4"
5836,"7"
1578,"8"
913,"3"
12939,"4"
6588,"3"
11335,"3"
12522,"5"
17278,"3"
18114,"3"
6788,"4"
15781,"3"
17639,"4"
5995,"3"
11118,"4"
1019,"3"
2869,"3"
25860,"3"
28517,"3"
10688,"3"
8510,"3"
16056,"4"
11520,"3"
27669,"6"
20524,"8"
17418,"7"
5128,"3"
11169,"3"
28598,"3"
26754,"3"
10358,"3"
20734,"4"
17023,"4"
20431,"3"
13537,"3"
25148,"3"
15958,"3"
4080,"3"
3376,"3"
29317,"4"
27608,"6"
5729,"3"
10677,"3"
4474,"3"
2140,"6"
12053,"6"
24152,"8"
6920,"8"
19687,"3"
25112,"3"
15764,"3"
10363,"3"
15148,"3"
18380,"6"
19433,"3"
21631,"3"
28298,"8"
4155,"6"
6942,"3"
25256,"3"
14210,"7"
11777,"3"
4997,"3"
19515,"3"
1246,"4"
11018,"3"
5526,"6"
9265,"3"
24012,"4"
1580,"3"
20787,"4"
4424,"3"
15841,"4"
13402,"8"
24843,"3"
9615,"3"
4156,"6"
14666,"7"
6385,"3"
6675,"3"
27619,"3"
24996,"3"
7392,"3"
24182,"4"
13047,"6"
28129,"5"
27650,"5"
11826,"3"
12177,"3"
25598,"3"
5400,"3"
3993,"4"
24387,"3"
13595,"4"
26806,"4"
28965,"3"
2947,"3"
2844,"3"
8933,"5"
19115,"3"
11756,"6"
17874,"3"
18705,"3"
12014,"3"
17719,"3"
15258,"3"
15110,"3"
25229,"6"
11281,"4"
6254,"3"
19465,"8"
26382,"7"
22103,"3"
20815,"3"
21385,"6"
7674,"3"
28182,"8"
1368,"3"
10622,"3"
1030,"5"
27774,"6"
17538,"4"
26354,"8"
16792,"3"
15235,"3"
6830,"3"
23998,"10"
24753,"4"
20985,"6"
20876,"5"
17393,"4"
10307,"4"
24493,"3"
20002,"8"
28591,"3"
28964,"6"
11312,"5"
5357,"3"
28886,"3"
12510,"3"
13163,"3"
18923,"3"
28655,"7"
12000,"5"
21995,"3"
23941,"5"
28210,"7"
29143,"8"
14934,"3"
15562,"5"
24938,"4"
28212,"7"
1500,"3"
25291,"3"
23553,"3"
28980,"4"
6839,"6"
11995,"8"
2867,"3"
12772,"8"
2618,"3"
27138,"4"
28969,"3"
9528,"4"
22474,"5"
19550,"5"
13555,"3"
17832,"5"
18516,"3"
9127,"3"
27773,"4"
5705,"4"
25200,"6"
21493,"3"
22896,"3"
21981,"3"
10056,"3"
15049,"10"
22181,"3"
26657,"3"
15237,"5"
28892,"3"
22004,"4"
18137,"7"
26966,"7"
10327,"3"
7993,"3"
28684,"3"
5359,"8"
10099,"3"
23371,"3"
1134,"3"
1061,"5"
17922,"3"
28713,"3"
27868,"3"
29478,"5"
5728,"4"
18671,"3"
11997,"8"
5497,"8"
5084,"4"
5508,"3"
10696,"8"
19682,"4"
19818,"6"
24229,"4"
15677,"3"
21866,"3"
27556,"3"
8291,"4"
25807,"3"
21811,"4"
29294,"3"
24497,"3"
20306,"4"
12672,"5"
5610,"3"
6424,"3"
23721,"3"
21556,"3"
13682,"4"
23529,"4"
20534,"3"
18396,"3"
23983,"5"
14950,"6"
26998,"3"
18488,"8"
10079,"3"
28592,"3"
24844,"5"
12349,"3"
20249,"3"
7160,"3"
9958,"4"
932,"3"
9391,"3"
29476,"3"
12661,"3"
25472,"3"
9755,"6"
9025,"3"
4648,"3"
19256,"3"
20978,"8"
12010,"3"
12385,"3"
14453,"7"
11,"4"
23997,"7"
13984,"3"
11223,"6"
25427,"8"
12511,"3"
11519,"3"
6967,"4"
18934,"3"
24546,"3"
6508,"3"
11991,"3"
15202,"5"
6720,"4"
12294,"8"
5218,"4"
13082,"3"
1034,"4"
17224,"7"
8249,"5"
21031,"3"
8897,"3"
25852,"3"
16250,"6"
24135,"3"
20613,"8"
19584,"3"
10067,"3"
12396,"8"
12781,"7"
4936,"3"
5438,"3"
1415,"6"
24500,"4"
7741,"5"
28944,"3"
16893,"5"
1210,"3"
15758,"3"
11776,"3"
9835,"8"
10537,"4"
3110,"8"
24488,"3"
11524,"5"
3613,"5"
8,"4"
2972,"4"
27488,"6"
11230,"3"
26370,"3"
11824,"3"
15505,"3"
15744,"3"
14753,"3"
28869,"5"
15461,"3"
23219,"3"
14037,"3"
12178,"3"
28130,"5"
7121,"4"
16466,"3"
15765,"3"
21810,"4"
5493,"7"
16304,"5"
28559,"3"
25175,"7"
16661,"6"
1195,"3"
27803,"5"
18845,"4"
716,"7"
3118,"3"
281,"8"
7309,"6"
11983,"3"
1980,"4"
17746,"3"
24185,"5"
23577,"8"
5032,"3"
23883,"3"
23396,"5"
17218,"9"
16414,"4"
21317,"4"
8434,"8"
22309,"4"
23839,"7"
3363,"3"
1958,"3"
18028,"4"
22111,"5"
14567,"6"
8934,"4"
8355,"4"
26819,"4"
23723,"4"
27161,"3"
3834,"3"
27796,"3"
14655,"7"
4689,"3"
28132,"6"
24129,"3"
24751,"6"
19225,"3"
11157,"5"
27354,"3"
28254,"4"
14696,"3"
5511,"4"
11436,"3"
18582,"4"
13983,"3"
8936,"4"
17318,"3"
27326,"3"
17893,"6"
1579,"4"
7565,"3"
26208,"3"
13562,"4"
9584,"4"
13539,"3"
6721,"3"
11213,"3"
24330,"3"
28037,"3"
10366,"3"
18126,"5"
16306,"5"
24231,"4"
24702,"3"
18793,"3"
25595,"3"
11393,"4"
11257,"3"
9980,"8"
5043,"4"
7680,"3"
5451,"5"
14977,"6"
11459,"3"
5437,"3"
6036,"3"
10388,"8"
18755,"3"
25734,"3"
10813,"3"
18012,"4"
4121,"3"
9981,"7"
20546,"3"
11811,"5"
13534,"3"
20664,"3"
26405,"3"
13896,"3"
6000,"3"
14272,"6"
12951,"3"
16793,"3"
13622,"5"
17425,"3"
1176,"3"
26524,"5"
2286,"3"
24311,"4"
6592,"4"
10802,"3"
8078,"8"
27010,"3"
16361,"5"
16155,"3"
13624,"6"
14541,"7"
11065,"3"
5907,"3"
5267,"4"
26337,"3"
12930,"3"
15563,"5"
20846,"6"
1062,"4"
10625,"3"
9680,"4"
10179,"3"
13330,"6"
16633,"6"
25935,"4"
9892,"8"
20856,"3"
27855,"3"
15234,"4"
16523,"8"
23445,"3"
17738,"6"
17916,"6"
20004,"8"
1809,"4"
18560,"3"
22726,"3"
13393,"8"
7608,"4"
5612,"3"
19736,"4"
9483,"8"
9682,"4"
17539,"3"
6509,"3"
11460,"5"
13897,"3"
3174,"3"
17409,"7"
4589,"3"
5042,"4"
6959,"5"
22425,"3"
20003,"8"
17865,"3"
3529,"8"
18887,"4"
9196,"4"
3894,"3"
18812,"3"
12784,"3"
21893,"3"
19681,"3"
4354,"4"
27113,"5"
18467,"5"
28685,"3"
21077,"3"
16859,"6"
8834,"3"
12035,"3"
8856,"4"
13274,"4"
22760,"5"
28808,"3"
24338,"3"
7965,"4"
22586,"3"
5316,"6"
21265,"8"
19928,"4"
1561,"8"
18482,"8"
10566,"3"
17608,"4"
11684,"3"
26178,"8"
26677,"3"
7165,"3"
7710,"3"
16979,"3"
28966,"4"
10485,"3"
14064,"3"
4117,"4"
7737,"6"
6907,"5"
29194,"3"
28211,"6"
492,"5"
17559,"3"
14354,"4"
23063,"3"
21037,"4"
11266,"3"
7283,"3"
5433,"4"
11607,"3"
12665,"5"
2911,"3"
22788,"4"
26367,"3"
12854,"5"
14962,"5"
9484,"3"
28807,"3"
10769,"5"
28698,"3"
16632,"6"
7228,"3"
26336,"4"
26777,"3"
28270,"3"
7964,"3"
19846,"6"
18843,"5"
28993,"4"
25375,"4"
22487,"3"
25220,"3"
11970,"3"
23476,"7"
14243,"4"
11907,"3"
7614,"3"
24520,"4"
15962,"3"
16090,"4"
12771,"3"
8261,"3"
19695,"4"
26778,"3"
5730,"5"
10458,"3"
28365,"3"
25978,"3"
770,"6"
15779,"3"
18184,"5"
13262,"5"
9954,"3"
9955,"3"
25434,"3"
21705,"3"
9442,"3"
13429,"3"
8904,"3"
24485,"3"
23836,"7"
2230,"4"
2096,"5"
8026,"5"
29413,"5"
17891,"7"
19694,"5"
3832,"3"
15743,"3"
14150,"3"
13683,"4"
11345,"3"
9576,"3"
28231,"3"
26087,"3"
18708,"3"
12526,"4"
23688,"6"
6919,"3"
27644,"4"
12670,"4"
2453,"4"
6029,"5"
19356,"5"
12327,"6"
19845,"5"
20806,"3"
27767,"3"
5380,"3"
3086,"3"
8393,"3"
24795,"5"
12193,"3"
14988,"7"
7665,"4"
8472,"3"
18180,"3"
26353,"5"
28621,"3"
1505,"3"
9878,"3"
11066,"3"
5085,"3"
13505,"3"
23009,"4"
9830,"4"
23991,"12"
5786,"3"
20658,"3"
6958,"3"
7493,"3"
4308,"3"
22151,"7"
28791,"3"
10812,"4"
15029,"3"
22073,"5"
29316,"5"
19957,"3"
28680,"3"
21439,"4"
27574,"3"
21009,"6"
26357,"3"
23513,"3"
12091,"3"
23793,"4"
13400,"3"
9325,"8"
18720,"3"
24749,"6"
13394,"8"
25469,"6"
5513,"4"
1294,"3"
6195,"8"
19637,"4"
22533,"5"
13527,"4"
9126,"3"
25584,"3"
13168,"8"
7159,"4"
6035,"6"
11159,"3"
7393,"3"
15254,"5"
17599,"3"
24222,"3"
14125,"3"
16943,"3"
6180,"5"
16126,"5"
28359,"7"
5442,"4"
27474,"3"
13646,"7"
6462,"3"
28297,"8"
19690,"3"
12034,"3"
11931,"5"
7264,"3"
26352,"8"
5696,"3"
26807,"3"
21446,"3"
14598,"5"
16050,"3"
15429,"3"
17881,"4"
8664,"5"
22730,"4"
20179,"3"
16351,"3"
16433,"7"
3744,"6"
7896,"3"
6194,"8"
12436,"8"
11763,"3"
2841,"3"
1894,"8"
20686,"3"
19609,"7"
5486,"3"
13609,"3"
15654,"3"
10616,"3"
7684,"3"
28749,"3"
5443,"5"
9,"4"
20522,"4"
19464,"8"
20022,"3"
15560,"3"
29104,"3"
16653,"3"
9027,"3"
1825,"3"
9468,"5"
25000,"6"
19432,"3"
9197,"6"
25669,"3"
15004,"4"
16311,"3"
11119,"4"
18179,"3"
18679,"3"
3554,"4"
9874,"3"
3599,"3"
11550,"3"
24823,"3"
9459,"3"
11227,"5"
22159,"5"
12326,"6"
4099,"4"
15676,"6"
4667,"3"
19372,"3"
15469,"3"
13978,"4"
27778,"3"
12521,"4"
20840,"3"
14754,"3"
25156,"8"
21125,"3"
10442,"7"
16795,"4"
717,"3"
19274,"3"
18827,"5"
1896,"8"
7339,"4"
723,"3"
4119,"8"
11252,"3"
8271,"3"
15529,"3"
12683,"3"
13352,"3"
23512,"3"
14944,"6"
6577,"8"
3033,"6"
17964,"3"
574,"6"
1375,"3"
1292,"3"
26639,"4"
4012,"3"
6803,"4"
7296,"3"
9620,"6"
12425,"3"
580,"4"
8813,"7"
21266,"8"
25101,"8"
509,"3"
4036,"3"
14239,"4"
27936,"3"
13407,"8"
26762,"3"
19499,"3"
7579,"6"
1291,"6"
886,"3"
15934,"3"
23053,"3"
7805,"4"
18935,"4"
11998,"8"
22908,"5"
23257,"4"
23167,"3"
8277,"3"
29027,"3"
13544,"6"
8310,"3"
7578,"5"
5192,"3"
1002,"3"
14797,"3"
10190,"6"
9392,"4"
504,"5"
7138,"3"
9683,"4"
27940,"3"
26180,"3"
21506,"3"
13744,"3"
652,"3"
13668,"3"
20103,"8"
8292,"4"
9206,"4"
8391,"4"
17110,"8"
20521,"3"
20196,"3"
2999,"3"
4740,"3"
25292,"3"
22781,"8"
2948,"3"
1976,"3"
7637,"3"
6722,"4"
22169,"3"
27595,"5"
19692,"3"
8596,"3"
28885,"3"
19774,"5"
11992,"3"
3771,"3"
12223,"3"
4920,"3"
28867,"3"
4042,"3"
27295,"3"
9467,"6"
24484,"4"
27103,"3"
11437,"3"
26179,"8"
8823,"3"
23135,"9"
22670,"6"
5877,"3"
7161,"3"
5976,"3"
19316,"4"
11086,"3"
2811,"3"
18202,"7"
7626,"7"
22112,"5"
23444,"3"
15812,"6"
19680,"3"
18361,"8"
28173,"3"
10698,"8"
12664,"5"
16583,"4"
26710,"5"
16413,"3"
21342,"3"
16872,"3"
1891,"3"
19366,"6"
6255,"3"
16623,"3"
18182,"3"
6492,"8"
28460,"3"
19293,"3"
27387,"3"
4476,"4"
28508,"3"
25370,"3"
26709,"5"
1730,"6"
17873,"3"
6192,"3"
25977,"8"
21543,"4"
390,"5"
2652,"5"
20430,"3"
8084,"3"
17652,"8"
12641,"4"
5527,"6"
4584,"4"
10230,"3"
14231,"4"
12270,"3"
3492,"3"
2012,"3"
17576,"4"
12215,"3"
10757,"3"
24999,"4"
2156,"3"
16006,"5"
13019,"3"
12256,"3"
17486,"4"
22614,"3"
26418,"3"
21273,"4"
2209,"4"
3614,"6"
13210,"3"
7992,"4"
15707,"3"
23583,"6"
14804,"3"
24003,"6"
8185,"4"
3258,"7"
29255,"3"
24675,"6"
12012,"3"
2917,"3"
7425,"3"
19005,"7"
24108,"3"
16244,"8"
3833,"3"
14203,"3"
15155,"7"
12671,"6"
12013,"3"
22999,"3"
24342,"3"
20021,"4"
13282,"11"
2651,"3"
6106,"4"
16654,"3"
25767,"4"
15467,"3"
15708,"3"
16739,"3"
20147,"5"
4418,"3"
10059,"3"
22345,"3"
2973,"3"
13349,"5"
23719,"5"
23397,"4"
22476,"4"
15827,"5"
4505,"3"
18199,"5"
24131,"3"
20193,"4"
18754,"4"
21564,"6"
21215,"3"
17337,"3"
4001,"3"
8290,"3"
3022,"3"
23626,"5"
1003,"3"
23837,"5"
4519,"3"
16363,"8"
10,"4"
25485,"6"
23680,"3"
12114,"6"
19434,"3"
25666,"8"
972,"3"
488,"6"
21346,"5"
8407,"8"
16522,"8"
28712,"3"
10962,"3"
14770,"3"
24856,"6"
14476,"7"
11259,"4"
3753,"3"
2971,"3"
18125,"5"
23816,"8"
4516,"3"
18045,"8"
19168,"3"
18585,"4"
21726,"3"
4420,"3"
26426,"3"
24011,"4"
25661,"7"
12603,"4"
9154,"4"
24741,"5"
10860,"3"
22449,"3"
16141,"7"
18410,"4"
9590,"3"
11282,"3"
8077,"8"
3050,"3"
12570,"4"
27643,"3"
9415,"3"
23996,"8"
27012,"8"
6393,"3"
18078,"6"
5737,"3"
5835,"4"
14956,"4"
17351,"3"
3065,"3"
11264,"4"
13418,"5"
16965,"3"
18349,"5"
7480,"4"
27906,"3"
10338,"3"
18528,"8"
17685,"3"
21841,"5"
12329,"3"
8894,"5"
16246,"7"
4423,"3"
18611,"8"
20983,"8"
21803,"7"
16144,"5"
20108,"3"
3703,"3"
8859,"3"
18597,"3"
7845,"4"
21264,"8"
20982,"8"
16393,"3"
11708,"3"
15212,"3"
20731,"3"
6344,"3"
25311,"3"
17499,"4"
20023,"4"
9640,"8"
17243,"3"
3245,"3"
14114,"6"
17277,"4"
8892,"3"
18559,"3"
16980,"3"
15185,"4"
6368,"3"
1137,"3"
21260,"5"
16981,"3"
27112,"5"
28209,"7"
16118,"18"
19447,"6"
24863,"3"
16753,"3"
21153,"7"
17096,"7"
11601,"3"
24483,"3"
17841,"3"
5360,"8"
21842,"5"
17111,"8"
14460,"6"
15608,"3"
3883,"3"
1562,"7"
15027,"8"
5399,"3"
7318,"3"
25651,"5"
8025,"7"
17577,"3"
12225,"8"
6902,"6"
998,"3"
13331,"5"
8923,"6"
636,"3"
20218,"3"
80,"6"
16324,"3"
5358,"8"
22989,"3"
8626,"6"
11961,"6"
19497,"3"
22780,"8"
28237,"3"
19370,"3"
12563,"3"
27777,"4"
25929,"3"
13684,"4"
28480,"3"
18753,"3"
23511,"3"
24916,"5"
7795,"8"
23453,"3"
10910,"3"
24148,"8"
11254,"4"
12197,"3"
7884,"3"
15993,"3"
17900,"3"
16305,"5"
6927,"3"
22846,"8"
5999,"4"
11401,"3"
20637,"3"
13353,"4"
3259,"7"
29033,"3"
12989,"3"
27707,"4"
18015,"4"
26712,"7"
24676,"3"
6956,"3"
9829,"5"
24216,"3"
13798,"3"
17297,"3"
18880,"6"
10621,"3"
1273,"3"
18815,"3"
20591,"5"
16524,"8"
12438,"8"
677,"5"
22287,"3"
12195,"3"
15277,"7"
5650,"4"
28645,"3"
26684,"3"
25420,"8"
29067,"3"
19165,"3"
23785,"4"
14421,"4"
15565,"6"
29455,"3"
26628,"4"
20600,"8"
23789,"4"
23008,"4"
1240,"6"
13993,"3"
8186,"3"
19083,"3"
15516,"3"
18715,"3"
5945,"4"
11410,"6"
2970,"4"
2769,"3"
14750,"4"
11775,"4"
13427,"4"
25111,"3"
17097,"8"
16929,"6"
23046,"7"
22204,"3"
26467,"6"
18854,"5"
5892,"4"
4023,"3"
21226,"3"
16731,"6"
7295,"3"
26371,"5"
19607,"8"
14612,"5"
29324,"3"
17806,"5"
21398,"3"
11629,"6"
24992,"3"
3260,"7"
18855,"4"
4583,"4"
21283,"7"
26334,"4"
7307,"7"
13667,"3"
7319,"3"
23272,"3"
25936,"6"
10057,"3"
21214,"3"
3745,"6"
28123,"8"
9753,"8"
15749,"3"
16066,"3"
28145,"3"
8944,"6"
10263,"3"
25643,"6"
26638,"7"
6632,"3"
18515,"4"
18425,"3"
734,"7"
1827,"3"
2018,"4"
1409,"3"
27063,"3"
5574,"4"
26077,"3"
9831,"4"
21569,"3"
17413,"3"
17748,"3"
9758,"7"
6578,"8"
14022,"3"
60,"3"
18732,"3"
20136,"7"
10387,"8"
13648,"3"
16608,"3"
3528,"8"
25644,"6"
11064,"3"
14043,"3"
2094,"3"
20246,"3"
10543,"3"
24337,"3"
6809,"3"
17720,"4"
7701,"3"
16169,"3"
18185,"6"
25814,"3"
23365,"3"
10681,"4"
6858,"6"
26779,"4"
11258,"5"
27386,"3"
11263,"4"
19183,"3"
25376,"3"
12937,"3"
12030,"3"
17745,"3"
13915,"8"
26776,"3"
21368,"3"
7308,"6"
26203,"3"
11996,"8"
11234,"3"
13436,"3"
1973,"3"
19355,"3"
26320,"8"
23045,"7"
3984,"5"
19819,"4"
57,"3"
18876,"4"
7976,"3"
12954,"6"
6835,"3"
16696,"4"
19294,"3"
10729,"4"
17047,"8"
12075,"8"
4102,"3"
4081,"3"
8712,"3"
14715,"3"
21520,"3"
2866,"3"
17876,"3"
4114,"3"
14137,"3"
13295,"3"
17206,"4"
20340,"3"
20835,"3"
16868,"3"
3246,"3"
15888,"3"
24323,"3"
5611,"3"
10765,"6"
26820,"5"
1001,"3"
17333,"6"
12328,"8"
17424,"3"
20580,"3"
11999,"8"
17095,"8"
23417,"3"
26649,"6"
11665,"3"
18640,"3"
21319,"3"
23734,"3"
2953,"3"
17557,"5"
21464,"3"
6474,"6"
15360,"3"
7975,"4"
21538,"4"
12198,"3"
22629,"3"
5047,"3"
27551,"6"
24742,"7"
28283,"8"
7980,"3"
12468,"3"
15698,"3"
1064,"3"
26630,"3"
5431,"3"
15149,"4"
3895,"5"
19779,"3"
2041,"3"
23026,"3"
3156,"3"
13423,"3"
25714,"4"
19286,"4"
29479,"5"
20470,"4"
22736,"4"
27024,"4"
9068,"3"
23815,"8"
3504,"4"
11675,"3"
12663,"4"
5727,"3"
10098,"3"
8965,"3"
21465,"3"
803,"4"
16741,"8"
3207,"3"
14204,"3"
14149,"4"
15699,"3"
11442,"5"
20776,"6"
1272,"3"
23401,"6"
22898,"4"
16347,"3"
24793,"7"
9454,"3"
23051,"6"
18527,"7"
3768,"3"
17303,"3"
25662,"4"
26629,"3"
11967,"3"
26366,"3"
4419,"3"
2814,"3"
13849,"3"
20848,"3"
19617,"3"
9207,"3"
28548,"4"
10653,"3"
28662,"3"
4466,"8"
24080,"3"
575,"4"
18426,"3"
3498,"3"
14768,"6"
19804,"7"
19185,"4"
13854,"4"
22158,"6"
12351,"3"
10723,"3"
15550,"5"
19997,"3"
16580,"3"
13681,"4"
18480,"8"
1611,"3"
20471,"3"
20525,"8"
12562,"4"
28546,"3"
4699,"4"
18340,"4"
25561,"3"
19616,"3"
28324,"3"
26697,"4"
21032,"3"
13872,"4"
22881,"3"
5342,"3"
11490,"3"
4037,"3"
14075,"7"
13017,"4"
19154,"3"
11040,"3"
28708,"3"
28947,"3"
21707,"3"
9964,"3"
17317,"5"
23275,"3"
1975,"3"
15897,"3"
15766,"4"
16818,"4"
18438,"3"
10053,"3"
3977,"3"
26013,"3"
11262,"4"
4527,"3"
5787,"4"
19533,"3"
24547,"3"
17601,"3"
20511,"6"
6186,"4"
24130,"3"
12418,"3"
6044,"3"
12018,"3"
26344,"3"
26359,"3"
322,"4"
7897,"3"
11588,"7"
21690,"3"
4639,"3"
18842,"7"
13333,"8"
19523,"3"
5505,"4"
27935,"3"
10058,"3"
4138,"4"
6717,"3"
4446,"4"
15382,"4"
7612,"5"
9153,"3"
23450,"5"
651,"4"
17494,"3"
26940,"3"
22301,"3"
22859,"4"
23578,"8"
1826,"3"
21731,"4"
21341,"4"
28128,"6"
1020,"3"
27616,"3"
17823,"3"
10139,"3"
21083,"4"
10318,"7"
17241,"3"
12097,"3"
3706,"4"
5950,"3"
17279,"5"
13081,"3"
8110,"4"
1244,"3"
11314,"5"
25067,"3"
18890,"6"
25,"8"
17862,"3"
19814,"3"
26396,"3"
8111,"3"
802,"5"
27562,"3"
2006,"3"
28748,"3"
4910,"4"
27053,"3"
11386,"4"
9515,"3"
21320,"3"
24745,"3"
19768,"3"
1295,"4"
20535,"3"
25765,"4"
18668,"3"
25833,"3"
2969,"3"
8999,"3"
26781,"4"
15236,"3"
21188,"3"
10965,"4"
1149,"4"
22990,"3"
1893,"8"
9182,"4"
20582,"8"
24161,"8"
15147,"3"
12428,"3"
9195,"4"
26771,"4"
14586,"8"
7673,"3"
17558,"4"
21654,"6"
23372,"5"
401,"3"
17256,"3"
27557,"3"
15299,"4"
9457,"4"
20694,"3"
5891,"4"
29077,"5"
11168,"3"
15551,"6"
21303,"4"
27981,"3"
29246,"3"
13177,"3"
8857,"4"
11440,"3"
8828,"3"
26861,"5"
12840,"3"
12977,"3"
6859,"6"
16706,"3"
3708,"3"
8417,"8"
23471,"3"
16964,"4"
5000,"4"
5944,"5"
1014,"8"
131826,"7"
131290,"3"
137098,"3"
129554,"3"
83376,"3"
143338,"3"
129314,"8"
83140,"4"
94706,"4"
130552,"6"
37096,"3"
101424,"3"
97905,"3"
106607,"3"
77107,"3"
54926,"7"
93491,"3"
145298,"8"
129603,"3"
69573,"3"
126585,"4"
98575,"4"
90094,"4"
131233,"3"
42657,"3"
137592,"4"
89478,"4"
51444,"6"
69515,"4"
72392,"3"
78195,"4"
90698,"3"
124634,"3"
129832,"4"
39878,"6"
145206,"3"
63947,"4"
82625,"3"
53643,"7"
131808,"6"
60130,"3"
84497,"3"
123905,"3"
72107,"8"
110750,"3"
113989,"6"
115164,"3"
114948,"3"
131801,"3"
69551,"7"
132843,"8"
91059,"8"
106590,"8"
110289,"7"
41856,"3"
37342,"6"
145779,"4"
53448,"6"
29722,"3"
29769,"3"
128258,"3"
132863,"4"
60106,"3"
35750,"4"
31636,"3"
46168,"4"
108331,"8"
81329,"3"
43043,"6"
77513,"3"
118526,"3"
77739,"6"
113765,"6"
122198,"3"
123444,"3"
88615,"6"
56188,"3"
46979,"3"
38097,"4"
43086,"5"
56580,"3"
122197,"3"
135262,"3"
36164,"5"
116697,"3"
109038,"3"
34734,"3"
74958,"8"
59532,"3"
129737,"3"
118800,"3"
77693,"4"
141971,"3"
74796,"4"
95657,"7"
114543,"3"
126711,"3"
101437,"6"
34211,"3"
74231,"3"
80657,"8"
55165,"6"
52048,"4"
43444,"4"
98066,"8"
85269,"7"
102453,"6"
51782,"3"
29568,"6"
125525,"4"
45757,"3"
35313,"3"
29536,"6"
103598,"4"
142471,"4"
40212,"6"
74482,"4"
110778,"5"
83141,"3"
135185,"4"
146146,"3"
84785,"5"
60523,"6"
103295,"3"
71337,"3"
73630,"3"
65729,"3"
88470,"5"
128596,"3"
34456,"3"
76284,"3"
59452,"3"
128469,"5"
31312,"8"
58548,"3"
46271,"6"
80071,"3"
78287,"3"
134165,"4"
119270,"4"
98802,"6"
74137,"3"
126535,"3"
117826,"3"
74753,"5"
52286,"3"
125162,"4"
51755,"8"
140081,"8"
98086,"4"
79129,"5"
38341,"5"
98691,"3"
62227,"9"
108834,"6"
145300,"5"
55392,"4"
52173,"4"
58469,"3"
49430,"3"
89060,"4"
51570,"8"
73266,"3"
83285,"3"
40893,"3"
123941,"3"
61411,"3"
129413,"5"
108874,"3"
139980,"5"
34621,"4"
44031,"3"
134459,"3"
81042,"8"
126258,"7"
80618,"5"
115069,"3"
126411,"3"
140507,"5"
135384,"8"
143879,"7"
63793,"3"
87577,"12"
144924,"5"
38401,"3"
32508,"5"
47024,"3"
86738,"3"
40037,"6"
95730,"3"
144858,"8"
97622,"4"
145643,"3"
94111,"5"
76345,"7"
127565,"3"
57070,"8"
77178,"8"
117609,"3"
105627,"8"
115478,"4"
95200,"4"
74479,"5"
87780,"5"
121814,"3"
49015,"3"
104451,"7"
67057,"8"
108950,"3"
102386,"3"
116793,"3"
64907,"4"
101125,"3"
101423,"3"
65158,"3"
63651,"3"
144427,"4"
61551,"3"
83178,"3"
44007,"4"
69149,"3"
140059,"6"
64449,"3"
77647,"3"
35237,"4"
62377,"8"
105351,"8"
129561,"4"
99511,"6"
119126,"3"
38356,"6"
130598,"4"
101270,"8"
70330,"3"
80266,"6"
47885,"4"
93730,"3"
104142,"3"
40009,"5"
105349,"7"
74688,"3"
38532,"8"
37755,"3"
32073,"3"
88992,"4"
101269,"7"
101026,"3"
65364,"3"
59810,"3"
135956,"3"
91176,"4"
89319,"6"
107732,"3"
110532,"3"
112106,"5"
108437,"8"
136522,"3"
35391,"3"
139934,"3"
50484,"3"
95826,"3"
106039,"6"
125110,"8"
126375,"3"
125882,"3"
81634,"3"
134027,"3"
56486,"7"
45947,"3"
113797,"3"
117928,"3"
121139,"3"
92188,"3"
110482,"3"
117636,"3"
39686,"3"
113102,"4"
36358,"4"
54480,"7"
36786,"3"
136931,"4"
67046,"4"
121338,"3"
127159,"6"
107508,"3"
49177,"3"
74429,"3"
145966,"3"
109861,"3"
136070,"4"
104004,"3"
54032,"3"
109779,"3"
33723,"3"
106790,"6"
94662,"5"
69588,"3"
38928,"8"
44912,"5"
65502,"3"
109197,"4"
71216,"3"
55588,"4"
119423,"5"
97255,"3"
35839,"3"
119750,"3"
86349,"3"
126262,"3"
73493,"3"
109357,"5"
112960,"4"
95264,"3"
59512,"3"
96342,"6"
116653,"8"
112740,"4"
35498,"6"
61127,"5"
69198,"6"
118307,"8"
60503,"3"
43568,"4"
90955,"5"
133441,"3"
94611,"5"
108368,"4"
138122,"4"
102781,"3"
61048,"6"
35124,"5"
31540,"8"
49106,"3"
54862,"6"
91291,"3"
79182,"4"
84491,"4"
91430,"4"
81894,"4"
144563,"5"
35742,"4"
55692,"8"
106121,"6"
90869,"3"
116253,"3"
38717,"4"
59560,"5"
140568,"3"
131608,"3"
45642,"5"
61229,"6"
66213,"4"
67484,"4"
133424,"3"
52271,"6"
77412,"3"
134900,"7"
47467,"3"
72713,"3"
52464,"3"
127778,"3"
114052,"4"
93573,"3"
73912,"3"
80953,"9"
105397,"8"
33985,"3"
92826,"8"
56871,"5"
56317,"3"
108114,"3"
137239,"5"
45325,"8"
107922,"3"
90734,"4"
88240,"3"
89560,"6"
67369,"3"
90028,"8"
71400,"5"
100526,"3"
134987,"3"
72844,"3"
48198,"5"
134590,"3"
58323,"3"
87198,"3"
70723,"3"
97508,"3"
62844,"3"
60142,"3"
59978,"3"
33136,"8"
68834,"3"
123569,"3"
83415,"4"
141177,"3"
48923,"4"
61547,"3"
37952,"3"
91425,"3"
31688,"4"
77929,"3"
56975,"5"
53120,"7"
84847,"3"
85022,"3"
39605,"5"
121840,"8"
102543,"3"
66855,"6"
47988,"3"
54227,"3"
70523,"3"
85290,"3"
78490,"5"
134674,"5"
145674,"4"
65867,"3"
97404,"3"
129164,"3"
68211,"3"
52413,"4"
104393,"3"
32622,"3"
100993,"8"
64768,"3"
61728,"3"
106671,"8"
85876,"4"
56628,"3"
87601,"4"
61125,"3"
32303,"5"
72036,"5"
128556,"3"
117713,"3"
69579,"3"
103194,"3"
133347,"4"
39139,"5"
36524,"3"
132668,"6"
84051,"8"
90850,"8"
46399,"3"
37023,"5"
48118,"3"
103464,"3"
130095,"4"
110676,"3"
128914,"3"
59211,"3"
126419,"3"
110714,"5"
66055,"7"
96882,"3"
31821,"4"
136513,"3"
80484,"3"
39869,"5"
82789,"3"
137140,"3"
118041,"3"
137659,"4"
89997,"4"
45937,"4"
79190,"3"
65488,"3"
146147,"3"
105728,"3"
31962,"3"
98553,"3"
143183,"3"
133648,"3"
77215,"3"
114549,"8"
56042,"3"
98430,"3"
121983,"6"
48671,"3"
48899,"8"
123337,"4"
56184,"8"
108959,"3"
106359,"6"
92537,"3"
78364,"6"
54241,"6"
98669,"3"
132235,"3"
144026,"5"
92350,"3"
124314,"8"
117477,"4"
87676,"3"
106690,"3"
119904,"4"
139525,"3"
102606,"6"
97121,"4"
98695,"3"
118849,"5"
58318,"9"
125953,"3"
89240,"7"
42697,"3"
31181,"4"
36450,"3"
135465,"8"
141934,"3"
49993,"8"
101256,"3"
82245,"7"
33763,"3"
37138,"3"
137888,"3"
103169,"3"
30837,"3"
88880,"4"
114823,"4"
79839,"5"
128043,"3"
50472,"3"
63272,"3"
35515,"4"
127621,"6"
135305,"5"
110777,"5"
39141,"6"
56578,"6"
79928,"4"
107278,"3"
47180,"4"
101154,"3"
70805,"3"
137918,"3"
61421,"4"
70938,"4"
63695,"3"
59958,"3"
41230,"3"
61932,"3"
117892,"3"
125859,"7"
61126,"5"
137770,"5"
142501,"3"
76223,"6"
79497,"7"
84359,"4"
40219,"3"
137934,"6"
115834,"3"
106569,"3"
48340,"5"
108835,"4"
105231,"4"
30135,"5"
96690,"3"
46189,"8"
117745,"4"
128695,"5"
118305,"8"
85478,"7"
39460,"7"
80996,"3"
99231,"7"
83831,"3"
62833,"3"
134070,"8"
93543,"6"
84548,"3"
74667,"4"
103432,"3"
65109,"5"
130911,"3"
96283,"6"
97878,"3"
119022,"3"
60484,"3"
146112,"3"
101641,"3"
109379,"3"
88454,"5"
140517,"6"
97458,"3"
124148,"8"
137016,"8"
45398,"4"
117198,"3"
141511,"3"
45478,"3"
94188,"3"
98648,"4"
46364,"6"
51742,"3"
109632,"3"
87017,"5"
137643,"6"
115289,"3"
115871,"6"
41224,"5"
64831,"3"
79919,"3"
46025,"3"
80172,"7"
56629,"3"
105556,"4"
87291,"3"
85508,"8"
30051,"4"
102249,"3"
33609,"3"
67765,"4"
106986,"5"
63023,"5"
79966,"8"
60238,"8"
49292,"3"
97406,"3"
78757,"7"
55429,"3"
61758,"4"
47795,"3"
110568,"3"
56775,"3"
34025,"5"
52610,"3"
39264,"3"
73516,"3"
119180,"3"
135703,"3"
120982,"4"
138633,"4"
107986,"4"
56273,"3"
114215,"8"
72295,"3"
136697,"3"
79157,"3"
44186,"3"
86156,"3"
100343,"6"
30545,"4"
102601,"7"
97635,"3"
85376,"8"
143095,"3"
70028,"4"
56441,"3"
47426,"3"
146443,"3"
138262,"9"
44627,"7"
30714,"5"
123803,"7"
50176,"3"
118455,"3"
108901,"8"
39143,"7"
96120,"3"
70180,"3"
111197,"5"
69991,"5"
67735,"4"
122374,"3"
36439,"4"
54343,"7"
123913,"4"
69391,"4"
61526,"5"
70410,"4"
56116,"3"
110616,"5"
50816,"4"
108545,"6"
123977,"3"
72277,"3"
67681,"3"
37445,"3"
63546,"5"
78965,"8"
112199,"3"
138882,"7"
98738,"6"
114463,"3"
60522,"6"
80775,"4"
142496,"6"
39004,"5"
63230,"4"
107794,"5"
42605,"3"
60627,"3"
74192,"3"
137337,"3"
79017,"6"
56577,"6"
115882,"3"
57138,"7"
81934,"5"
145091,"3"
103820,"5"
125567,"3"
72978,"3"
140095,"4"
73546,"3"
108832,"4"
90954,"3"
108185,"4"
83370,"3"
136161,"4"
54678,"3"
117526,"3"
69758,"3"
48396,"4"
119845,"4"
113162,"4"
142365,"3"
142599,"3"
135445,"3"
67078,"4"
144456,"3"
78375,"4"
94630,"4"
52753,"3"
108529,"3"
70822,"8"
61587,"3"
39501,"3"
132329,"4"
56464,"4"
77774,"3"
99062,"3"
41209,"3"
87735,"3"
31294,"3"
140549,"3"
38491,"8"
111583,"3"
115891,"6"
63847,"4"
84167,"4"
93872,"3"
51905,"3"
95766,"3"
100747,"3"
79350,"4"
100563,"4"
61595,"3"
131523,"4"
49018,"4"
32499,"4"
56972,"4"
53472,"5"
32902,"5"
36163,"5"
78647,"8"
86522,"3"
40669,"4"
146529,"7"
145249,"4"
86651,"6"
79117,"3"
93378,"3"
39233,"3"
124564,"8"
79664,"3"
134099,"5"
100511,"9"
119096,"3"
56479,"4"
35253,"3"
49737,"3"
141447,"4"
91685,"3"
97407,"3"
72781,"3"
32525,"3"
137302,"3"
56360,"8"
39726,"4"
36386,"3"
70491,"4"
89913,"3"
36436,"4"
125654,"3"
104526,"3"
84683,"3"
39522,"4"
52486,"3"
135176,"8"
126185,"6"
51789,"3"
101708,"3"
51288,"3"
63913,"4"
91460,"9"
79062,"6"
120723,"3"
71520,"3"
131291,"3"
110330,"7"
131164,"8"
95464,"8"
108694,"3"
49736,"3"
143632,"5"
144815,"8"
139021,"3"
37701,"4"
76335,"3"
83096,"4"
143567,"3"
141604,"4"
93873,"7"
136896,"3"
98154,"4"
49281,"6"
60483,"5"
55440,"5"
105428,"4"
48108,"3"
95661,"3"
109538,"8"
35779,"3"
46528,"4"
80072,"3"
108166,"3"
125409,"4"
145871,"3"
64615,"6"
103156,"3"
119895,"7"
43420,"3"
59074,"3"
68672,"3"
80619,"3"
136251,"5"
85604,"8"
43861,"8"
99469,"3"
128630,"8"
110183,"4"
53285,"3"
104182,"7"
85751,"7"
35692,"8"
54359,"4"
85608,"4"
52969,"4"
122999,"4"
69565,"3"
43960,"3"
94288,"3"
45263,"3"
61561,"4"
125406,"5"
35751,"5"
102408,"4"
97524,"3"
124028,"3"
105695,"6"
78986,"8"
81264,"3"
49738,"3"
131421,"3"
108960,"4"
142796,"3"
128125,"3"
59228,"3"
103048,"4"
73772,"4"
117182,"3"
99063,"3"
49679,"3"
74199,"6"
103989,"4"
75923,"6"
129521,"4"
94333,"4"
56574,"6"
122247,"3"
143560,"5"
60644,"3"
41579,"3"
88817,"3"
31567,"4"
34639,"3"
51692,"3"
42830,"8"
113083,"8"
119465,"3"
114592,"3"
116193,"4"
84566,"5"
127451,"3"
68881,"4"
80451,"3"
86838,"4"
142831,"3"
108615,"3"
66441,"7"
49580,"3"
118437,"8"
38297,"4"
84848,"3"
41540,"3"
71215,"4"
110988,"4"
87107,"4"
108774,"8"
39412,"6"
144808,"4"
83041,"3"
101742,"3"
91683,"4"
135149,"3"
44027,"6"
67915,"5"
61517,"3"
109483,"6"
34039,"3"
65663,"5"
109139,"8"
120736,"4"
63062,"4"
46471,"3"
108665,"3"
38225,"3"
105574,"4"
59975,"4"
108646,"3"
46204,"8"
144031,"7"
121791,"3"
125391,"3"
37944,"3"
118270,"4"
53954,"4"
47130,"3"
86491,"7"
75020,"4"
111720,"3"
143796,"4"
33387,"5"
90610,"6"
97045,"3"
90036,"3"
124102,"3"
78410,"6"
90426,"4"
132160,"4"
120554,"7"
84552,"3"
85842,"3"
98884,"4"
73313,"3"
69890,"3"
74305,"3"
87667,"3"
81655,"3"
133508,"3"
63167,"3"
73417,"8"
84440,"3"
44247,"3"
137798,"3"
74764,"3"
30781,"3"
67318,"3"
101360,"3"
57111,"4"
144718,"3"
95816,"5"
79315,"3"
56909,"3"
105316,"8"
43481,"3"
131720,"4"
110314,"7"
122153,"3"
58454,"5"
80656,"3"
75024,"3"
75322,"3"
127074,"3"
125133,"3"
33207,"3"
144025,"5"
80693,"3"
70255,"7"
141099,"3"
46040,"3"
51146,"5"
41223,"5"
81262,"3"
93936,"3"
129714,"6"
63586,"8"
37512,"4"
97719,"3"
30805,"5"
82235,"8"
38331,"3"
89242,"7"
118565,"3"
92228,"4"
136382,"4"
135691,"3"
123840,"6"
64775,"3"
92167,"3"
137251,"6"
58219,"4"
65897,"4"
31564,"3"
82440,"4"
115741,"3"
135191,"5"
96923,"5"
76444,"4"
96954,"3"
114550,"3"
79141,"3"
90940,"5"
67478,"3"
131075,"4"
55408,"3"
40412,"3"
102752,"3"
93024,"6"
67716,"6"
34038,"12"
109050,"5"
126250,"8"
142235,"3"
63449,"3"
86055,"3"
141125,"3"
106691,"3"
108830,"6"
136242,"4"
137462,"3"
92013,"3"
46769,"3"
46716,"3"
48446,"7"
81228,"10"
139984,"3"
33947,"4"
44919,"4"
80928,"3"
111558,"4"
87729,"4"
80790,"3"
35438,"3"
93910,"3"
139264,"3"
37613,"8"
63253,"5"
143104,"4"
38272,"3"
63637,"4"
33018,"6"
96680,"7"
122928,"3"
33844,"3"
46347,"3"
77742,"3"
75712,"8"
132338,"4"
80783,"3"
61134,"5"
115246,"3"
143423,"3"
61148,"4"
120081,"6"
83402,"8"
146195,"8"
63830,"8"
136911,"3"
133774,"5"
131136,"6"
57478,"3"
143474,"5"
129399,"3"
60947,"3"
135981,"3"
47342,"3"
115933,"4"
56278,"3"
99465,"6"
56391,"3"
106902,"3"
115495,"5"
146325,"3"
99294,"7"
34846,"3"
52501,"3"
102310,"3"
98974,"3"
95151,"8"
96573,"3"
65741,"3"
37186,"4"
69346,"4"
142716,"7"
98181,"3"
91905,"8"
137510,"3"
117711,"4"
70891,"3"
92765,"4"
80795,"6"
115424,"3"
107623,"3"
51882,"3"
58120,"8"
43247,"4"
40719,"3"
101853,"4"
79520,"8"
94968,"3"
93023,"6"
81883,"3"
120366,"4"
134083,"5"
133997,"7"
145232,"3"
135505,"4"
120662,"3"
45237,"3"
72889,"4"
91037,"3"
47510,"4"
135511,"4"
145568,"4"
125819,"5"
33529,"3"
126706,"3"
54889,"3"
139582,"3"
80468,"3"
118248,"3"
140629,"3"
38094,"3"
68598,"6"
90498,"8"
109685,"8"
114438,"3"
48555,"3"
31940,"3"
139896,"3"
117294,"3"
145699,"3"
61150,"3"
59428,"4"
98260,"3"
102901,"3"
83975,"7"
67913,"5"
105994,"3"
128860,"5"
46426,"3"
100785,"3"
68134,"3"
115488,"4"
43415,"3"
29992,"3"
122286,"6"
63004,"3"
31554,"6"
74405,"3"
70169,"3"
56948,"6"
139988,"3"
143699,"3"
80681,"3"
91053,"3"
60518,"4"
92922,"4"
83042,"3"
122136,"3"
45902,"3"
103561,"5"
73754,"3"
107429,"3"
53513,"3"
81261,"3"
144511,"5"
63813,"3"
56488,"8"
96183,"3"
32843,"3"
117836,"3"
72833,"8"
102588,"7"
93266,"3"
95220,"6"
79856,"3"
112308,"5"
71409,"3"
89980,"5"
49735,"3"
127932,"6"
104803,"3"
103694,"3"
91153,"4"
125966,"4"
42391,"3"
135764,"3"
132188,"3"
145778,"4"
57180,"4"
143311,"3"
138709,"6"
41117,"5"
140621,"3"
133415,"3"
46138,"5"
83330,"3"
65466,"3"
88471,"3"
96473,"7"
111490,"3"
78648,"8"
45615,"3"
122362,"3"
92166,"3"
76974,"3"
87095,"3"
32089,"3"
57949,"8"
138782,"4"
33057,"3"
139617,"3"
125031,"3"
30693,"6"
52260,"8"
38749,"3"
53831,"3"
30073,"3"
137822,"3"
113160,"4"
48994,"8"
67521,"3"
142777,"12"
35510,"4"
78962,"7"
143804,"4"
61108,"4"
134287,"4"
124430,"4"
142172,"3"
135832,"3"
31626,"7"
92603,"3"
95283,"4"
93016,"3"
145485,"3"
128443,"3"
72232,"4"
126282,"4"
95003,"3"
48993,"8"
78549,"4"
95996,"3"
57360,"3"
69405,"5"
126941,"3"
47887,"4"
94083,"4"
96798,"3"
130517,"3"
124292,"3"
86991,"5"
80655,"4"
120624,"4"
134598,"3"
117187,"6"
95815,"5"
126895,"3"
127789,"4"
59687,"8"
128771,"8"
109301,"3"
116346,"3"
88197,"3"
84984,"3"
120127,"3"
78402,"6"
92573,"3"
77854,"4"
54112,"5"
89782,"5"
70331,"3"
104041,"3"
146559,"5"
61109,"4"
42349,"3"
46644,"8"
108346,"3"
75359,"3"
89381,"6"
81185,"3"
144786,"8"
47314,"3"
75360,"3"
115883,"4"
68015,"7"
99661,"4"
89358,"3"
90431,"4"
139369,"4"
65932,"5"
42679,"3"
57110,"4"
86763,"3"
45538,"3"
57537,"3"
90032,"3"
129165,"3"
89831,"4"
120527,"6"
109860,"4"
77728,"9"
84715,"3"
100579,"3"
111531,"3"
46505,"3"
49017,"4"
113887,"3"
42919,"4"
133599,"4"
70492,"4"
65301,"3"
101663,"3"
36334,"3"
120221,"4"
135692,"3"
49981,"4"
91627,"3"
31223,"3"
48206,"6"
38027,"6"
38429,"3"
127470,"8"
76963,"4"
123843,"3"
140076,"4"
114591,"3"
139085,"4"
128643,"5"
134149,"6"
55800,"3"
100168,"6"
141794,"8"
129522,"4"
40300,"3"
40334,"3"
123196,"3"
40205,"3"
145188,"3"
59585,"4"
56348,"4"
75670,"7"
77192,"7"
94704,"3"
68213,"3"
126681,"3"
104538,"3"
33147,"3"
131364,"4"
128279,"8"
136082,"5"
59916,"5"
78156,"3"
102113,"3"
85843,"3"
97052,"4"
99705,"3"
127527,"3"
78800,"3"
99125,"3"
36671,"7"
62244,"5"
140723,"4"
47468,"3"
90517,"3"
125111,"7"
91292,"3"
143209,"3"
42920,"4"
96112,"3"
35470,"3"
66704,"3"
72952,"4"
34288,"3"
48117,"3"
124310,"8"
108136,"3"
75063,"4"
90624,"5"
130079,"3"
86555,"5"
100170,"4"
86720,"5"
71554,"3"
145777,"5"
34371,"5"
95770,"3"
84742,"3"
32918,"3"
136980,"3"
45590,"3"
30050,"3"
63627,"3"
108745,"4"
78440,"8"
104522,"3"
108961,"3"
82391,"5"
119657,"3"
88325,"3"
69100,"3"
54539,"3"
145834,"3"
92453,"4"
132114,"3"
83541,"3"
94854,"3"
70284,"3"
79524,"8"
112757,"3"
145038,"3"
77148,"8"
119210,"3"
70283,"5"
44378,"6"
85372,"8"
86001,"6"
66666,"8"
49386,"4"
118268,"3"
33273,"3"
81043,"8"
98684,"6"
56101,"4"
128375,"3"
76557,"8"
103523,"3"
141788,"3"
143770,"4"
128486,"3"
135078,"3"
45031,"8"
87364,"4"
126408,"3"
122545,"9"
35655,"6"
71183,"6"
105643,"5"
84635,"3"
138309,"8"
137963,"5"
60964,"3"
131533,"3"
121133,"3"
82141,"8"
69159,"3"
72926,"3"
140815,"3"
33695,"4"
137063,"3"
52020,"5"
58831,"6"
71660,"5"
97940,"3"
89232,"4"
129170,"4"
70228,"3"
50782,"3"
52891,"3"
140027,"3"
54139,"6"
111388,"3"
120558,"8"
76565,"8"
110318,"3"
51783,"3"
86749,"3"
131813,"3"
50003,"3"
114533,"4"
102893,"3"
55861,"6"
38188,"3"
103227,"3"
128458,"8"
55533,"8"
136252,"3"
34983,"3"
129563,"5"
60456,"3"
43908,"4"
32692,"3"
84910,"4"
41410,"8"
127709,"3"
133201,"5"
52530,"7"
138109,"6"
74328,"4"
33842,"5"
105963,"5"
43515,"3"
120625,"3"
65118,"3"
122474,"5"
70285,"3"
73126,"3"
101964,"6"
83418,"3"
71352,"4"
59100,"5"
99079,"3"
61585,"4"
42851,"3"
140074,"3"
108722,"4"
34885,"3"
142020,"3"
128478,"4"
82572,"3"
135243,"4"
113780,"3"
83799,"3"
131506,"3"
92403,"6"
84804,"3"
50241,"3"
41195,"3"
83048,"8"
58695,"3"
130097,"3"
130909,"3"
61532,"3"
115943,"7"
36896,"3"
134671,"3"
110667,"3"
36001,"3"
52285,"3"
129997,"7"
35248,"3"
113953,"3"
89374,"6"
113772,"3"
89264,"3"
112613,"4"
90928,"4"
93729,"3"
38190,"3"
73852,"7"
33319,"7"
97701,"6"
77930,"3"
83276,"5"
127184,"3"
94119,"5"
107007,"6"
123519,"6"
122075,"4"
38712,"5"
77676,"3"
80536,"4"
79752,"3"
35691,"8"
60738,"3"
36893,"6"
98966,"3"
115927,"3"
81957,"3"
88562,"3"
127895,"4"
95860,"4"
44535,"3"
86079,"3"
35373,"8"
59048,"3"
73068,"4"
133487,"3"
87186,"3"
90744,"3"
34248,"7"
102902,"3"
100458,"8"
40452,"4"
137842,"4"
111778,"3"
32093,"5"
142403,"3"
131212,"8"
68644,"5"
60131,"3"
43337,"3"
71604,"3"
106761,"3"
145131,"3"
59111,"3"
106617,"3"
57998,"8"
78479,"8"
94146,"5"
93685,"3"
105879,"3"
109494,"7"
98246,"3"
95405,"3"
82332,"3"
55190,"4"
54334,"4"
70749,"8"
87371,"8"
143129,"3"
32489,"4"
109704,"3"
127779,"3"
108369,"4"
38490,"8"
52249,"4"
107599,"8"
117959,"3"
114699,"3"
131343,"3"
113164,"4"
40263,"4"
43907,"3"
81254,"3"
107489,"3"
50718,"3"
61375,"3"
120429,"3"
126453,"3"
82604,"8"
44599,"3"
140271,"3"
53540,"3"
95337,"3"
29497,"5"
68358,"7"
51169,"3"
64352,"7"
114590,"5"
121134,"3"
93698,"4"
69610,"3"
140504,"3"
38025,"3"
58281,"3"
133155,"3"
144288,"3"
49199,"4"
40555,"6"
95757,"3"
31075,"3"
87920,"3"
57162,"4"
67979,"3"
114782,"17"
115031,"3"
47532,"3"
75874,"3"
124348,"5"
118456,"3"
131922,"4"
34781,"4"
145453,"4"
56763,"5"
116754,"4"
138560,"3"
110300,"5"
113289,"7"
40557,"3"
53224,"3"
85175,"3"
64916,"6"
37348,"3"
35678,"3"
87918,"3"
140773,"6"
121919,"3"
96621,"3"
64144,"3"
82281,"5"
86639,"3"
112935,"3"
94843,"4"
58694,"3"
137344,"4"
41360,"3"
126080,"4"
85233,"8"
30544,"4"
111745,"3"
88234,"3"
130838,"8"
87250,"7"
66853,"5"
97474,"3"
47000,"3"
67730,"5"
42831,"7"
96532,"3"
90842,"6"
114542,"3"
128958,"3"
32823,"4"
53447,"6"
64198,"5"
81644,"6"
137716,"4"
40749,"4"
50875,"3"
104569,"3"
83394,"9"
41420,"3"
105980,"6"
61523,"3"
31686,"8"
46437,"3"
120999,"3"
48552,"3"
43419,"3"
96119,"3"
94297,"4"
118534,"3"
76464,"4"
37766,"8"
111273,"3"
111071,"4"
63731,"3"
134633,"3"
90845,"3"
135679,"5"
34884,"3"
142114,"6"
64395,"3"
52403,"3"
51963,"8"
90226,"4"
125943,"8"
100893,"4"
133224,"4"
119473,"3"
130698,"8"
93875,"6"
71669,"8"
86632,"3"
37765,"8"
41803,"3"
97621,"3"
35718,"7"
64448,"3"
59258,"3"
91036,"3"
109064,"3"
105220,"3"
78458,"8"
90597,"5"
136086,"7"
45647,"3"
51837,"8"
81169,"4"
72746,"7"
46936,"8"
42012,"3"
134787,"3"
60019,"3"
56201,"3"
127469,"4"
135493,"3"
115740,"5"
49969,"4"
100351,"6"
61466,"8"
43087,"4"
81593,"3"
90715,"3"
72667,"8"
76579,"3"
108308,"4"
49136,"3"
128459,"8"
116453,"4"
71369,"4"
51137,"3"
91455,"7"
127761,"3"
87630,"3"
67530,"3"
31796,"3"
133675,"3"
40354,"6"
62744,"3"
30125,"8"
34368,"3"
81114,"3"
144724,"6"
88863,"3"
93667,"7"
119897,"7"
91331,"6"
69229,"3"
125755,"3"
118139,"6"
58885,"5"
95675,"6"
61133,"5"
107081,"5"
70831,"3"
44766,"8"
119977,"9"
35399,"5"
77588,"8"
31541,"8"
91848,"3"
145590,"4"
43443,"4"
92784,"4"
126897,"5"
98233,"3"
46791,"3"
55378,"4"
118730,"3"
116940,"4"
30137,"6"
141007,"8"
139434,"6"
92120,"3"
139797,"3"
106236,"8"
59537,"3"
36040,"3"
132832,"6"
77819,"4"
98499,"3"
78676,"3"
69090,"6"
58474,"4"
72108,"8"
69954,"5"
92056,"8"
90572,"3"
96724,"4"
80597,"3"
46980,"5"
63549,"4"
80337,"8"
122438,"3"
92518,"5"
61272,"3"
103887,"3"
94670,"3"
84999,"8"
130493,"3"
138211,"3"
144668,"4"
83328,"5"
138712,"3"
122646,"3"
98401,"3"
86408,"3"
124246,"3"
39444,"3"
53532,"3"
84419,"4"
55475,"3"
140824,"8"
122891,"3"
144231,"5"
75862,"6"
39502,"3"
130407,"4"
71178,"3"
141632,"3"
75985,"3"
138058,"3"
61464,"7"
125446,"8"
50746,"3"
125054,"7"
113992,"3"
38716,"3"
134394,"3"
127635,"6"
100788,"3"
43938,"3"
60272,"4"
84645,"3"
90560,"6"
85839,"5"
111544,"4"
143296,"3"
30994,"3"
63910,"3"
110182,"6"
129133,"3"
136882,"8"
128215,"7"
139634,"3"
121450,"3"
32867,"3"
77469,"3"
113167,"3"
45202,"7"
73704,"3"
123059,"3"
90598,"3"
41772,"3"
33232,"3"
87589,"3"
47029,"5"
78987,"6"
34291,"3"
114180,"3"
92530,"4"
114774,"4"
59225,"3"
100564,"3"
95360,"4"
78363,"6"
93329,"5"
116799,"5"
100615,"3"
135444,"3"
105998,"3"
121054,"3"
68926,"3"
96711,"3"
143301,"4"
87768,"4"
56107,"3"
59928,"8"
81263,"4"
29557,"4"
135189,"8"
132806,"3"
98690,"4"
114355,"3"
108618,"7"
90242,"15"
118803,"7"
72319,"3"
125109,"8"
56610,"3"
59294,"4"
30024,"5"
107401,"8"
109532,"4"
67148,"3"
36597,"3"
59536,"4"
91802,"4"
100237,"3"
98278,"4"
121057,"3"
52751,"3"
116994,"3"
117722,"3"
96674,"4"
136611,"4"
146229,"3"
129869,"4"
75112,"4"
71561,"6"
135827,"3"
69328,"3"
85103,"3"
110483,"4"
42313,"6"
67071,"7"
139955,"3"
134735,"4"
62526,"4"
91424,"4"
33696,"3"
32887,"4"
129156,"6"
108595,"3"
45025,"5"
131243,"4"
131907,"3"
84354,"3"
133057,"3"
49176,"3"
99468,"3"
140364,"8"
106267,"3"
70770,"3"
111597,"6"
105945,"4"
114614,"7"
38281,"5"
126664,"4"
38020,"6"
88316,"3"
64440,"3"
34279,"4"
97256,"4"
126708,"8"
54802,"6"
33320,"8"
37402,"3"
71188,"8"
121449,"5"
53471,"5"
106485,"6"
123206,"3"
75370,"4"
52477,"3"
108177,"3"
67038,"5"
119222,"3"
51373,"3"
49855,"8"
129127,"3"
70290,"3"
102603,"3"
53340,"4"
55425,"3"
37468,"3"
93552,"3"
38842,"3"
60925,"6"
87778,"3"
145743,"6"
99046,"3"
146329,"5"
128344,"9"
80478,"3"
125541,"3"
45152,"3"
58271,"3"
105723,"6"
132158,"4"
134630,"3"
136875,"3"
59702,"4"
97643,"4"
61354,"3"
43300,"3"
112897,"5"
53561,"3"
137465,"3"
78619,"3"
36620,"3"
62120,"3"
45943,"3"
101178,"3"
56231,"4"
34376,"3"
44372,"3"
36338,"7"
95717,"3"
40748,"4"
139883,"3"
101852,"9"
104425,"3"
93351,"3"
70282,"5"
92729,"3"
50090,"3"
108182,"6"
89697,"4"
43042,"7"
47804,"5"
106954,"3"
87016,"3"
141550,"4"
129226,"3"
39149,"7"
47448,"6"
97859,"3"
58911,"3"
56191,"4"
98486,"3"
49807,"3"
75458,"6"
54258,"3"
115378,"4"
135270,"3"
143149,"3"
118412,"3"
114401,"3"
48685,"3"
83261,"3"
78858,"4"
103182,"3"
81917,"3"
45427,"3"
85766,"3"
34761,"3"
81615,"3"
120069,"4"
87416,"3"
64046,"3"
97507,"4"
53279,"3"
41061,"5"
134362,"3"
42731,"5"
83886,"4"
131150,"6"
121579,"5"
93811,"3"
30729,"3"
139683,"3"
42527,"8"
75515,"3"
89357,"3"
122082,"3"
76281,"4"
69144,"3"
114589,"5"
136274,"3"
81190,"3"
31026,"3"
49973,"3"
143826,"5"
117687,"8"
110196,"3"
111255,"4"
86433,"5"
39099,"3"
142769,"6"
85000,"8"
87533,"3"
90543,"4"
121335,"3"
35281,"3"
82502,"5"
37978,"4"
94852,"3"
52084,"5"
44085,"3"
94638,"3"
144814,"8"
62975,"4"
72273,"8"
81701,"4"
129441,"4"
49757,"3"
87485,"3"
42751,"3"
73018,"3"
35332,"8"
91197,"7"
117415,"5"
78371,"7"
49659,"8"
101591,"4"
90470,"3"
56000,"4"
119835,"3"
105263,"3"
87887,"4"
42316,"3"
62216,"4"
62834,"5"
58536,"4"
144016,"3"
124273,"3"
122104,"3"
108031,"3"
65712,"3"
66683,"4"
109345,"7"
105738,"3"
128750,"3"
118821,"3"
101854,"11"
57587,"3"
98087,"4"
71278,"6"
34759,"3"
63459,"8"
37305,"3"
71184,"6"
92471,"3"
65590,"7"
59032,"4"
136385,"4"
126709,"8"
77710,"8"
71662,"3"
142253,"8"
44736,"4"
104552,"10"
69713,"3"
71272,"5"
88879,"3"
111586,"3"
85379,"8"
85813,"6"
41580,"5"
123825,"4"
53060,"4"
108664,"3"
113091,"4"
143545,"3"
59556,"4"
57678,"4"
38941,"4"
120721,"3"
90531,"7"
138294,"4"
75601,"4"
93271,"8"
56941,"3"
121669,"5"
61568,"3"
91487,"5"
43647,"4"
129583,"4"
34560,"4"
132842,"3"
94123,"3"
130908,"3"
119091,"3"
114437,"3"
31577,"8"
87602,"3"
99295,"6"
126970,"3"
35187,"3"
92267,"3"
42542,"3"
83161,"4"
90558,"3"
63359,"3"
35881,"4"
80182,"4"
145029,"3"
89485,"3"
30961,"3"
134442,"3"
40880,"4"
58801,"4"
81463,"3"
117901,"6"
83162,"3"
123912,"4"
99605,"3"
91167,"8"
73343,"3"
81663,"5"
102250,"3"
37330,"4"
77147,"8"
89411,"3"
141347,"3"
138647,"4"
104928,"8"
140545,"5"
126719,"3"
45296,"4"
115188,"5"
63229,"4"
50502,"3"
37352,"4"
129722,"9"
46203,"8"
30373,"6"
137480,"5"
73192,"3"
78620,"3"
90378,"3"
36028,"3"
130481,"3"
136126,"4"
79763,"5"
139448,"3"
71854,"8"
136270,"8"
140082,"8"
109825,"3"
47549,"3"
115223,"3"
84487,"6"
131641,"3"
72998,"4"
76172,"3"
141811,"5"
85423,"7"
38229,"4"
96469,"5"
107975,"7"
103448,"6"
72782,"4"
56492,"7"
51284,"3"
78810,"3"
79418,"6"
144864,"7"
45877,"3"
42336,"3"
123437,"3"
68750,"3"
127217,"3"
120738,"3"
91725,"7"
107757,"6"
44246,"4"
117325,"3"
123267,"3"
67522,"7"
75371,"5"
107302,"4"
114874,"3"
67362,"5"
96422,"3"
33126,"3"
124527,"8"
65614,"5"
60724,"3"
49582,"4"
103327,"3"
60508,"6"
43754,"6"
46479,"6"
53305,"3"
94460,"3"
121282,"4"
137858,"3"
132097,"6"
84093,"5"
132792,"3"
133251,"3"
67508,"7"
68485,"3"
47935,"6"
93599,"5"
99912,"3"
57019,"3"
85383,"8"
87963,"4"
56910,"3"
97921,"8"
106477,"3"
89587,"4"
80903,"4"
76489,"3"
122314,"7"
108751,"6"
69501,"3"
106484,"6"
91952,"8"
72682,"8"
85377,"8"
98501,"9"
60736,"5"
41513,"5"
94564,"7"
92514,"3"
115948,"3"
59173,"3"
145412,"5"
94026,"3"
71366,"3"
35909,"3"
73069,"5"
132527,"3"
48714,"3"
111536,"3"
45536,"5"
108342,"3"
75057,"7"
81695,"8"
68642,"4"
142841,"4"
134878,"5"
87561,"3"
62909,"4"
115274,"3"
130846,"4"
134057,"6"
100746,"3"
129595,"4"
73100,"3"
98704,"3"
109776,"3"
126215,"3"
104748,"8"
126536,"3"
46251,"3"
101362,"3"
139872,"8"
143180,"7"
46081,"3"
117978,"3"
97159,"5"
127574,"5"
95630,"3"
71611,"4"
114214,"8"
91684,"7"
84949,"4"
40560,"5"
39499,"3"
130197,"6"
137338,"3"
36410,"5"
42519,"3"
90300,"6"
67566,"8"
29527,"3"
140228,"8"
145147,"8"
36588,"7"
59812,"4"
146118,"6"
99941,"4"
72953,"8"
117802,"3"
141844,"3"
117720,"4"
45329,"8"
71671,"8"
56418,"3"
121136,"4"
113796,"4"
105906,"3"
141738,"6"
101887,"3"
134752,"3"
80094,"3"
65302,"4"
135891,"7"
47218,"3"
48561,"4"
127333,"5"
36043,"3"
75550,"3"
72288,"3"
58470,"5"
67097,"4"
137271,"5"
47209,"8"
114197,"3"
94970,"3"
103312,"3"
124909,"3"
65792,"8"
35587,"3"
108189,"5"
138483,"4"
122927,"3"
130775,"6"
54708,"8"
65247,"4"
49815,"6"
136861,"3"
64111,"3"
42140,"3"
134457,"3"
137961,"5"
59649,"3"
141841,"3"
146000,"8"
92291,"3"
125194,"3"
75111,"5"
32687,"4"
84975,"3"
69626,"3"
35190,"3"
86077,"3"
144518,"3"
118872,"5"
82129,"5"
84455,"3"
64952,"3"
78961,"8"
144549,"4"
92508,"4"
56934,"4"
74211,"5"
43673,"3"
69197,"3"
76247,"4"
119078,"8"
87899,"3"
63370,"6"
58537,"4"
106676,"3"
56455,"3"
80060,"3"
138461,"3"
108698,"8"
69992,"6"
58283,"5"
108990,"6"
135477,"4"
76169,"3"
37376,"4"
121254,"6"
45330,"8"
64644,"3"
116370,"4"
90642,"8"
98438,"4"
91330,"5"
83413,"3"
119529,"4"
48316,"3"
63260,"6"
87736,"3"
120520,"4"
146402,"3"
73496,"5"
67780,"3"
65473,"3"
78290,"4"
143936,"3"
95678,"4"
71431,"4"
65224,"3"
64342,"8"
33845,"3"
131983,"8"
32238,"3"
46504,"4"
134044,"3"
41399,"4"
125662,"3"
132434,"3"
135013,"3"
82825,"4"
115544,"6"
133174,"5"
128777,"6"
30843,"4"
29942,"3"
44308,"3"
119592,"4"
83055,"3"
52414,"5"
94411,"3"
140162,"3"
127541,"4"
113802,"4"
124866,"3"
70307,"3"
136932,"3"
89470,"3"
58415,"3"
87340,"3"
133310,"3"
37284,"5"
98602,"4"
132139,"3"
114758,"3"
99237,"7"
90939,"6"
116399,"4"
96467,"3"
92337,"4"
83190,"3"
76746,"4"
101850,"3"
117822,"3"
101438,"6"
129646,"3"
140630,"4"
127030,"3"
80569,"3"
89267,"3"
85045,"4"
62831,"3"
109677,"3"
107094,"4"
65947,"3"
133807,"3"
44210,"4"
132629,"3"
134739,"3"
95988,"3"
127376,"3"
112817,"3"
112614,"3"
109169,"3"
46218,"3"
58550,"6"
134879,"5"
106031,"3"
127387,"4"
30801,"4"
119774,"6"
112466,"3"
88075,"3"
81681,"8"
57840,"7"
52556,"6"
51822,"3"
46397,"5"
128673,"3"
100795,"3"
123321,"3"
153547,"3"
157247,"3"
155990,"7"
172076,"3"
147724,"4"
159810,"3"
150059,"8"
166575,"3"
161450,"8"
155448,"3"
162712,"8"
162943,"3"
163575,"4"
151361,"3"
167354,"6"
172587,"4"
153349,"8"
162746,"8"
149542,"3"
160297,"3"
152495,"3"
151787,"3"
166138,"3"
155173,"4"
173910,"7"
172506,"3"
164693,"4"
153809,"6"
169262,"5"
178790,"3"
150790,"7"
171192,"3"
169454,"8"
170376,"4"
167035,"4"
176812,"8"
171189,"3"
165546,"3"
168887,"7"
179670,"6"
158453,"3"
160426,"3"
171868,"8"
176109,"4"
157228,"3"
172270,"3"
155920,"3"
176368,"3"
146717,"3"
152962,"4"
159337,"3"
177258,"3"
166269,"3"
172629,"8"
156923,"4"
161348,"8"
155389,"8"
168165,"8"
158760,"8"
158434,"8"
148809,"3"
172959,"3"
173763,"3"
152806,"3"
167136,"4"
166894,"3"
163762,"8"
171249,"6"
151074,"5"
160244,"5"
178137,"3"
169966,"4"
174908,"7"
166902,"3"
160060,"3"
162149,"4"
157338,"3"
148803,"5"
176577,"3"
150773,"3"
172578,"3"
175977,"6"
149536,"3"
176535,"3"
159515,"7"
164175,"5"
177091,"3"
161611,"8"
155542,"3"
160831,"5"
154496,"4"
169272,"3"
179458,"3"
154756,"5"
164683,"3"
175820,"8"
165190,"6"
165265,"8"
171364,"3"
150120,"3"
174158,"3"
148295,"5"
174896,"3"
157585,"3"
167669,"5"
154659,"3"
166804,"6"
154567,"4"
161962,"3"
165453,"4"
173721,"3"
154817,"3"
178194,"4"
151796,"8"
167948,"5"
159707,"3"
169219,"3"
172248,"3"
180087,"3"
152967,"3"
148448,"6"
150169,"4"
167498,"3"
147603,"5"
168861,"5"
171562,"3"
156198,"5"
179818,"4"
152813,"4"
158300,"3"
152537,"4"
168810,"3"
172586,"6"
162148,"3"
152072,"4"
147920,"4"
149456,"8"
173772,"3"
155432,"3"
179667,"4"
169260,"3"
150544,"4"
155372,"3"
152301,"7"
155436,"4"
180060,"3"
157012,"5"
153381,"7"
151497,"8"
154856,"5"
179897,"7"
163145,"3"
163983,"6"
159119,"6"
163220,"8"
157205,"3"
169109,"8"
154882,"4"
148192,"4"
152423,"4"
157244,"3"
176781,"3"
169757,"4"
168982,"4"
160860,"3"
163465,"3"
159125,"4"
172570,"3"
179248,"3"
157138,"5"
176108,"3"
153765,"3"
160580,"6"
157948,"3"
160985,"3"
156127,"8"
150996,"3"
161427,"3"
178576,"4"
176815,"7"
177918,"9"
153757,"3"
155369,"5"
165518,"5"
175874,"5"
149884,"3"
178414,"3"
161908,"3"
171611,"8"
173216,"3"
165223,"5"
159858,"7"
160796,"3"
159381,"3"
160616,"3"
163965,"3"
176621,"3"
173268,"4"
153963,"7"
146764,"5"
166816,"8"
159211,"8"
169931,"11"
149019,"3"
154696,"3"
167633,"3"
179413,"3"
178268,"4"
160080,"8"
160747,"5"
147900,"5"
161987,"3"
150127,"3"
161497,"3"
174031,"8"
168541,"5"
160551,"3"
166802,"7"
177025,"8"
176370,"3"
169234,"7"
157416,"4"
152294,"4"
178460,"7"
150193,"4"
176724,"7"
163129,"6"
153766,"3"
162231,"8"
153162,"3"
174067,"7"
171613,"8"
163260,"3"
161809,"4"
156269,"4"
146837,"3"
155484,"3"
171211,"3"
148231,"4"
152455,"4"
172147,"3"
172634,"3"
179530,"3"
179232,"3"
168182,"3"
162747,"8"
157206,"4"
159194,"8"
147628,"8"
153347,"4"
169162,"4"
152270,"3"
169802,"5"
148858,"3"
165820,"5"
177979,"3"
167622,"4"
149670,"3"
173207,"3"
164348,"3"
149568,"4"
150658,"3"
168630,"5"
153512,"3"
172075,"3"
168526,"4"
170123,"4"
154755,"3"
172647,"3"
169533,"3"
171683,"5"
167762,"4"
148036,"3"
174928,"3"
156815,"3"
161395,"6"
159944,"6"
158716,"6"
153835,"3"
153780,"6"
155443,"5"
172942,"3"
171581,"3"
150451,"4"
161751,"5"
167861,"4"
168518,"8"
167461,"3"
160956,"6"
162417,"5"
176223,"6"
172317,"5"
170353,"5"
177911,"4"
160601,"3"
177462,"3"
147910,"8"
160402,"6"
176644,"3"
163158,"6"
179804,"4"
161805,"3"
153996,"8"
176779,"3"
152266,"3"
172590,"5"
148481,"3"
164897,"3"
164535,"3"
176425,"3"
179429,"3"
151087,"6"
153338,"3"
176007,"4"
177386,"3"
158418,"5"
165406,"4"
177982,"5"
171173,"3"
163616,"3"
175124,"3"
169301,"4"
179980,"6"
148799,"3"
174799,"3"
148224,"4"
175673,"3"
149294,"6"
170808,"6"
167874,"3"
166461,"8"
168935,"3"
152358,"3"
164854,"3"
153923,"4"
148619,"5"
164487,"4"
171161,"3"
174569,"7"
167218,"3"
173429,"6"
159942,"5"
157804,"3"
155418,"3"
162402,"3"
177756,"3"
176085,"8"
148338,"3"
167602,"3"
160322,"3"
161924,"3"
149295,"6"
164377,"5"
156917,"3"
163826,"5"
163911,"3"
164373,"3"
177210,"4"
168759,"3"
178486,"6"
151167,"3"
168596,"6"
161403,"3"
171888,"6"
165671,"3"
159592,"3"
168854,"3"
171957,"3"
165364,"4"
178405,"7"
160378,"8"
147173,"7"
167686,"4"
169166,"3"
169805,"3"
167818,"3"
175828,"3"
171856,"3"
154568,"5"
155641,"3"
176408,"7"
148166,"5"
165762,"5"
159427,"8"
179666,"3"
154365,"3"
168222,"8"
148198,"3"
152394,"4"
156880,"3"
152302,"8"
172990,"4"
168375,"3"
151680,"3"
151273,"7"
176687,"3"
154519,"3"
151888,"3"
172870,"3"
176523,"7"
151038,"6"
165263,"4"
148962,"5"
167986,"8"
162264,"3"
179380,"4"
172991,"3"
159887,"8"
168370,"4"
169244,"3"
156740,"3"
159724,"3"
165355,"4"
175911,"3"
165785,"4"
174780,"4"
161961,"3"
168758,"8"
172643,"4"
163648,"3"
177891,"6"
175486,"3"
171461,"5"
166364,"3"
178310,"3"
174491,"3"
163428,"3"
158321,"7"
164013,"8"
153071,"8"
158918,"3"
173119,"8"
177977,"8"
154946,"3"
162890,"6"
152186,"8"
148446,"3"
168273,"3"
154839,"8"
146737,"3"
164982,"4"
163924,"4"
159438,"4"
147740,"5"
153472,"3"
161502,"4"
151180,"3"
150177,"6"
164976,"8"
152178,"3"
160443,"8"
159764,"3"
177902,"3"
155694,"3"
165137,"5"
161264,"4"
151941,"3"
162905,"3"
149995,"3"
156811,"8"
161890,"6"
167858,"3"
147686,"3"
173282,"5"
162991,"3"
176228,"6"
152514,"3"
169965,"4"
163899,"4"
176767,"4"
167849,"8"
146767,"4"
151131,"4"
165986,"3"
172987,"8"
169479,"4"
158855,"3"
156862,"3"
160427,"5"
164695,"3"
159049,"3"
168744,"3"
170666,"6"
156654,"3"
149239,"3"
150000,"4"
158198,"3"
175411,"7"
172847,"3"
148870,"4"
172871,"4"
171097,"4"
150816,"3"
175680,"4"
169950,"4"
151580,"7"
150447,"3"
155447,"4"
177173,"5"
174203,"8"
170851,"3"
158701,"3"
162474,"3"
169726,"3"
161687,"3"
152816,"4"
164858,"3"
160952,"7"
166975,"3"
173782,"8"
155908,"7"
165090,"5"
171839,"7"
169392,"3"
155574,"3"
176764,"5"
172869,"4"
171180,"4"
160331,"4"
151611,"5"
165606,"3"
165984,"3"
148830,"3"
160336,"3"
179720,"3"
147745,"3"
156478,"4"
150139,"7"
177664,"3"
167653,"4"
173230,"6"
150279,"5"
146729,"5"
171756,"3"
176291,"5"
151863,"8"
175163,"3"
175551,"5"
159258,"3"
159244,"6"
169803,"3"
168850,"4"
162717,"8"
157960,"3"
169091,"5"
154979,"8"
175929,"3"
153398,"6"
160073,"8"
157260,"7"
179748,"4"
178626,"3"
178447,"4"
171975,"8"
159717,"3"
160305,"5"
167468,"3"
151164,"6"
148833,"4"
155256,"6"
147627,"6"
151496,"8"
162381,"7"
154674,"4"
167665,"3"
159570,"3"
162718,"4"
176457,"7"
166543,"3"
150446,"6"
174601,"5"
151695,"4"
164544,"8"
154417,"3"
175785,"3"
175927,"3"
148884,"3"
166430,"6"
154955,"3"
159326,"3"
158680,"3"
170624,"4"
154258,"3"
152498,"3"
176529,"7"
154402,"3"
150671,"4"
151405,"4"
173115,"7"
164573,"3"
164873,"3"
180218,"4"
167132,"3"
163852,"3"
149064,"3"
172791,"3"
174722,"3"
156660,"3"
176338,"3"
179037,"3"
148369,"3"
168088,"7"
179405,"4"
176110,"3"
148521,"4"
161692,"7"
151388,"8"
168653,"3"
179464,"3"
146954,"3"
175068,"6"
172219,"3"
170421,"3"
165069,"3"
155420,"3"
163900,"5"
151360,"4"
162615,"4"
180129,"3"
172173,"4"
174615,"3"
152283,"4"
179576,"3"
153294,"7"
163263,"5"
176954,"5"
159331,"3"
171682,"10"
150792,"6"
167361,"4"
163734,"3"
157229,"3"
178582,"3"
168151,"3"
154737,"3"
157246,"4"
150796,"8"
150637,"3"
160940,"6"
180123,"3"
170608,"3"
155565,"7"
154129,"8"
163394,"3"
158930,"3"
163577,"3"
151107,"6"
172468,"3"
150204,"4"
152974,"3"
147061,"7"
180117,"4"
168318,"4"
164560,"4"
153501,"3"
179957,"7"
172962,"3"
166350,"5"
177079,"8"
157433,"3"
157870,"3"
174082,"3"
150221,"8"
155721,"3"
151859,"3"
158500,"8"
168468,"4"
159030,"3"
163651,"3"
153904,"3"
162261,"4"
165719,"5"
156708,"3"
150858,"3"
170557,"3"
173310,"7"
158429,"4"
169477,"7"
178113,"6"
166361,"3"
153073,"7"
175075,"4"
149192,"4"
172280,"3"
157770,"3"
175766,"3"
155854,"3"
173453,"3"
155069,"3"
161206,"3"
167616,"3"
173966,"3"
155675,"3"
157489,"3"
176490,"6"
147630,"5"
150147,"3"
156892,"6"
162910,"3"
178650,"5"
157548,"5"
169637,"5"
165312,"6"
164131,"7"
159261,"8"
168821,"4"
149282,"3"
170599,"6"
168823,"7"
180215,"3"
162428,"3"
176603,"3"
164361,"5"
149766,"8"
156407,"3"
149139,"3"
172193,"5"
166205,"3"
152562,"3"
174629,"4"
151408,"4"
157531,"3"
169425,"4"
174924,"3"
147586,"3"
175049,"3"
170867,"6"
158909,"3"
167356,"4"
177659,"3"
153776,"3"
149585,"4"
164679,"4"
167146,"4"
173500,"6"
150545,"3"
155388,"8"
158610,"4"
177676,"4"
162925,"6"
175076,"3"
170026,"3"
148082,"4"
150964,"8"
151947,"3"
160598,"8"
165929,"3"
147095,"4"
161237,"3"
165561,"3"
148534,"4"
148396,"3"
175904,"3"
170443,"8"
147725,"5"
153667,"4"
172093,"7"
172801,"7"
166206,"3"
147967,"7"
162768,"6"
148693,"3"
151119,"3"
180108,"3"
177084,"7"
167850,"8"
156400,"7"
173527,"3"
155583,"4"
167566,"4"
165092,"10"
162671,"3"
152452,"3"
153293,"7"
175847,"3"
162322,"3"
155101,"4"
175215,"4"
152175,"4"
92865,"3"
88837,"4"
134433,"3"
47114,"3"
104283,"8"
134917,"7"
80719,"3"
49477,"3"
84307,"3"
104457,"3"
94348,"8"
64699,"4"
32578,"3"
128524,"6"
135151,"3"
33623,"3"
126460,"3"
53304,"3"
45903,"3"
122170,"8"
68273,"4"
69078,"3"
94254,"3"
80117,"3"
91837,"3"
99267,"3"
52058,"7"
54240,"8"
91399,"7"
81212,"3"
53592,"3"
76560,"4"
33525,"5"
43521,"3"
71343,"4"
97004,"5"
57691,"8"
100218,"6"
103183,"3"
110000,"8"
56494,"3"
128629,"7"
56346,"5"
36317,"3"
46433,"6"
72315,"3"
91987,"3"
120289,"4"
135696,"3"
83468,"3"
79536,"8"
88540,"3"
135664,"4"
49660,"8"
54776,"3"
37987,"4"
102721,"3"
79787,"3"
132844,"8"
101923,"8"
57245,"3"
64973,"3"
92876,"4"
93604,"4"
119610,"3"
119142,"3"
91857,"6"
91635,"3"
34526,"5"
84374,"3"
46797,"3"
74599,"3"
54542,"5"
118250,"3"
102767,"4"
56444,"3"
45017,"8"
45063,"16"
128796,"3"
51535,"6"
133526,"3"
88139,"3"
39611,"3"
84012,"7"
134150,"6"
134059,"3"
92819,"7"
63831,"7"
108897,"3"
133278,"8"
55924,"8"
137068,"3"
118835,"3"
124356,"4"
97336,"8"
108979,"3"
117191,"3"
114917,"7"
41692,"3"
92425,"3"
98427,"3"
133931,"3"
120288,"3"
33699,"8"
51286,"4"
107655,"4"
131685,"3"
32516,"8"
130253,"6"
123442,"8"
79837,"3"
56630,"8"
35468,"3"
58146,"3"
110359,"3"
78815,"5"
46692,"3"
35384,"4"
44050,"3"
120553,"8"
139191,"3"
60756,"3"
35223,"3"
96252,"4"
119333,"3"
41340,"3"
85248,"4"
36584,"3"
128762,"3"
65334,"3"
92247,"8"
112090,"3"
87494,"3"
122024,"3"
128246,"3"
76747,"3"
131149,"6"
68286,"3"
34074,"5"
47040,"4"
68486,"3"
54331,"4"
101177,"3"
37463,"8"
132694,"3"
53835,"3"
79757,"3"
95796,"3"
43777,"3"
64783,"3"
44340,"3"
40297,"4"
139982,"4"
57600,"6"
34459,"3"
107727,"5"
101309,"4"
51986,"3"
113403,"3"
126537,"3"
114016,"5"
54286,"3"
140071,"3"
91995,"8"
96059,"3"
58624,"3"
95158,"3"
101219,"3"
104452,"4"
123570,"3"
135188,"8"
67001,"5"
91939,"4"
68000,"3"
118848,"5"
120678,"3"
121972,"3"
79788,"4"
127602,"4"
85451,"3"
31982,"3"
36167,"7"
116666,"4"
32416,"3"
65250,"3"
100578,"3"
110054,"8"
84428,"4"
125524,"3"
82651,"4"
89891,"4"
102925,"3"
100793,"3"
118039,"5"
140698,"3"
69034,"6"
49647,"6"
84021,"3"
63689,"3"
89523,"3"
59679,"7"
50565,"9"
115266,"3"
104351,"8"
123940,"3"
61663,"8"
56593,"7"
87267,"5"
77012,"3"
32257,"3"
46165,"7"
137935,"6"
78865,"3"
98160,"3"
68476,"4"
113881,"3"
44463,"4"
62376,"8"
140336,"3"
75328,"3"
117625,"8"
122445,"3"
54635,"3"
36680,"3"
135495,"3"
138411,"4"
89682,"3"
45524,"3"
30232,"5"
135193,"3"
54779,"4"
77460,"3"
103476,"4"
96691,"4"
67435,"3"
44534,"3"
93096,"3"
49960,"3"
76358,"3"
77218,"3"
83072,"4"
89296,"3"
60578,"7"
58572,"3"
91372,"5"
54173,"4"
123571,"3"
86061,"4"
92668,"3"
61243,"5"
83049,"8"
53411,"4"
56182,"8"
111201,"3"
77809,"8"
51164,"3"
107085,"4"
71519,"3"
92512,"3"
106389,"3"
59640,"9"
109724,"6"
130548,"5"
111062,"3"
82734,"3"
70417,"3"
133173,"5"
88796,"8"
91502,"3"
119613,"5"
140599,"3"
67917,"3"
91092,"3"
74368,"3"
92041,"6"
100612,"3"
44920,"5"
60481,"4"
64617,"3"
118104,"3"
112774,"4"
76068,"3"
69915,"4"
125188,"4"
102407,"4"
104527,"3"
79385,"3"
133203,"4"
121363,"3"
127573,"5"
85811,"3"
61747,"8"
65898,"3"
95407,"4"
38655,"4"
133344,"3"
115294,"6"
73074,"4"
88221,"7"
121591,"4"
40553,"3"
117436,"8"
133755,"3"
41060,"5"
112307,"4"
67783,"3"
111184,"4"
32506,"3"
60823,"3"
45252,"3"
114095,"3"
127334,"3"
118721,"8"
34844,"4"
115957,"3"
104643,"8"
34690,"6"
89263,"3"
56279,"3"
133692,"3"
121715,"3"
73463,"3"
70502,"4"
88224,"8"
61648,"5"
86383,"6"
69516,"3"
124873,"7"
73108,"4"
75511,"8"
70970,"8"
115275,"3"
87483,"3"
86083,"4"
60572,"3"
103918,"7"
67368,"4"
80807,"3"
89201,"3"
129356,"4"
52581,"3"
65591,"5"
92859,"8"
78814,"4"
141810,"4"
121649,"5"
81958,"3"
75456,"3"
51459,"3"
114778,"3"
134919,"7"
72993,"3"
101882,"3"
58549,"3"
44464,"5"
131806,"3"
130981,"5"
38252,"3"
31274,"4"
49948,"3"
114185,"3"
88033,"4"
57636,"4"
109680,"4"
97473,"3"
115759,"8"
56612,"3"
57635,"4"
49758,"3"
136360,"3"
88019,"3"
86464,"3"
85050,"8"
34208,"4"
115496,"5"
96785,"4"
42693,"4"
135192,"3"
135366,"8"
85768,"3"
36010,"3"
78780,"7"
104714,"5"
44658,"3"
109679,"6"
101645,"3"
126027,"4"
58116,"3"
84328,"3"
110466,"3"
45024,"5"
80549,"3"
129406,"7"
103307,"3"
36526,"3"
94113,"5"
104067,"3"
135947,"6"
66131,"7"
116426,"3"
45151,"3"
67295,"4"
87707,"3"
115872,"8"
32730,"3"
33688,"7"
129910,"3"
66554,"3"
73672,"3"
140229,"6"
109380,"3"
105832,"4"
81578,"4"
81939,"4"
65218,"3"
116081,"3"
107726,"4"
110241,"5"
94017,"3"
93943,"3"
34305,"3"
135451,"3"
86086,"3"
41642,"3"
138641,"3"
46481,"3"
32258,"3"
102686,"3"
82385,"3"
48373,"3"
97268,"4"
94231,"3"
102896,"4"
77606,"8"
90844,"5"
121096,"7"
46201,"3"
45062,"3"
127650,"3"
99177,"5"
60249,"3"
97449,"3"
54249,"3"
118833,"3"
77988,"3"
136630,"3"
128007,"7"
59832,"3"
53629,"4"
110273,"6"
115380,"3"
102459,"8"
110308,"3"
81686,"4"
56935,"4"
30466,"3"
82199,"4"
89477,"4"
139846,"3"
134028,"3"
102766,"4"
56679,"3"
63915,"3"
105348,"9"
128665,"3"
50286,"8"
75045,"3"
135365,"8"
97644,"4"
119097,"3"
117673,"4"
123604,"3"
115328,"3"
86084,"5"
78572,"3"
95666,"8"
32524,"3"
108795,"3"
49587,"3"
52859,"4"
109341,"3"
33572,"3"
139345,"3"
78491,"5"
84358,"4"
62551,"3"
30919,"3"
67523,"3"
140506,"4"
128686,"8"
32042,"6"
57390,"8"
140338,"7"
121534,"3"
85488,"6"
58556,"3"
108381,"3"
127753,"5"
119125,"3"
90646,"8"
108765,"3"
102950,"3"
95596,"4"
104678,"3"
46358,"3"
117156,"6"
83319,"3"
41689,"5"
58107,"3"
75361,"3"
127175,"3"
48785,"4"
102354,"4"
73715,"3"
135021,"3"
62595,"6"
126023,"3"
53226,"3"
126232,"3"
47797,"3"
137821,"3"
74957,"3"
111249,"3"
31272,"4"
83660,"3"
57641,"7"
57739,"7"
101372,"7"
53393,"7"
83846,"4"
34333,"3"
30569,"3"
64946,"3"
72714,"3"
77428,"3"
134737,"3"
82676,"8"
139330,"3"
96251,"3"
41852,"3"
106953,"3"
85742,"3"
47028,"5"
141003,"7"
79343,"4"
80093,"3"
43028,"3"
56453,"8"
122143,"3"
35695,"3"
140933,"3"
113282,"3"
110075,"6"
91996,"8"
75473,"8"
118223,"3"
81826,"5"
41473,"8"
29588,"5"
54816,"8"
59941,"3"
103723,"3"
34882,"4"
129412,"5"
53749,"3"
136990,"3"
62214,"7"
72192,"3"
74461,"3"
45933,"3"
89178,"4"
121652,"5"
129431,"3"
108190,"3"
51467,"4"
42998,"3"
133808,"3"
62135,"3"
69327,"3"
107148,"8"
83323,"3"
45537,"5"
50500,"3"
54603,"3"
71636,"9"
80489,"3"
83329,"4"
124645,"6"
30995,"3"
65499,"4"
80751,"8"
138652,"8"
92377,"3"
36585,"3"
33302,"3"
96673,"3"
106582,"3"
56785,"5"
127815,"3"
73359,"3"
96883,"3"
100350,"5"
87716,"3"
77874,"3"
72784,"3"
140626,"3"
135383,"8"
42185,"3"
110916,"3"
84350,"3"
139086,"4"
30824,"3"
73716,"3"
112772,"3"
38340,"7"
86640,"3"
109049,"3"
56034,"3"
63540,"3"
111615,"3"
81498,"3"
118936,"5"
81124,"3"
87801,"3"
110290,"7"
106645,"3"
63733,"4"
119621,"3"
126427,"4"
75025,"3"
115857,"4"
103474,"4"
89515,"3"
85586,"3"
63244,"3"
120954,"8"
31610,"3"
33053,"5"
141599,"6"
110730,"3"
103986,"5"
36794,"4"
31841,"3"
70251,"3"
135183,"7"
58851,"4"
86465,"3"
99092,"8"
111198,"3"
120762,"3"
103537,"3"
122395,"4"
100576,"3"
79423,"6"
84833,"4"
98764,"3"
56456,"3"
123775,"6"
99843,"4"
106450,"3"
138625,"3"
93697,"4"
56030,"3"
47429,"5"
84656,"7"
65366,"3"
95956,"3"
32097,"3"
116535,"3"
71663,"4"
46950,"4"
48207,"6"
103466,"3"
141268,"3"
102235,"8"
81662,"7"
76165,"3"
117292,"3"
97143,"4"
141006,"8"
83693,"3"
111000,"3"
125164,"3"
46916,"3"
127375,"3"
133098,"3"
121127,"3"
104771,"4"
135602,"3"
121098,"4"
81636,"4"
140826,"7"
133863,"4"
62729,"3"
90177,"3"
53586,"8"
73770,"3"
81893,"4"
105010,"8"
73473,"7"
87724,"8"
87105,"4"
139721,"3"
46350,"5"
119464,"3"
92082,"3"
34004,"3"
134712,"3"
92346,"3"
115297,"5"
80879,"8"
50298,"3"
109025,"3"
106713,"3"
113248,"3"
128902,"4"
126850,"4"
119620,"3"
92558,"7"
42665,"3"
105729,"3"
94405,"3"
39239,"8"
133506,"3"
79015,"3"
64588,"8"
137679,"4"
91009,"8"
128275,"3"
103293,"3"
40373,"3"
81877,"3"
92977,"3"
47877,"5"
46875,"3"
85012,"3"
135234,"4"
46696,"3"
121993,"3"
100577,"3"
111616,"3"
126099,"3"
58328,"5"
87779,"5"
137892,"3"
107953,"3"
51592,"4"
33449,"3"
109874,"7"
83839,"3"
70503,"3"
120208,"3"
110438,"3"
34888,"4"
99260,"5"
99379,"4"
60011,"4"
133362,"6"
80130,"3"
64965,"3"
31247,"3"
76272,"3"
86123,"6"
36792,"4"
46921,"3"
45901,"3"
69261,"3"
44988,"3"
125718,"4"
122039,"6"
137017,"6"
136587,"3"
111696,"5"
45162,"5"
52786,"4"
108360,"8"
81293,"6"
135020,"4"
92370,"3"
108702,"3"
90137,"6"
80228,"4"
92930,"3"
55509,"7"
133565,"3"
60692,"4"
61965,"4"
61117,"3"
36888,"3"
68643,"5"
103597,"4"
97008,"3"
74304,"3"
33740,"7"
35922,"3"
51004,"3"
32507,"4"
37918,"3"
53703,"3"
80059,"3"
116980,"3"
112921,"3"
101075,"3"
39997,"3"
35959,"4"
94486,"7"
65475,"3"
139748,"5"
53787,"6"
127151,"5"
90550,"4"
59767,"3"
53008,"8"
83871,"5"
61412,"3"
52748,"8"
63650,"3"
76334,"3"
68898,"3"
78117,"8"
120184,"3"
140833,"4"
104877,"3"
68484,"3"
125430,"5"
93484,"4"
69700,"5"
99922,"4"
93583,"3"
35789,"4"
93098,"4"
114136,"7"
82500,"5"
139447,"6"
85158,"7"
61890,"6"
124394,"3"
55439,"4"
46250,"4"
77564,"3"
105429,"4"
38919,"5"
33770,"3"
56667,"3"
41042,"3"
128599,"3"
128628,"9"
41154,"6"
34723,"3"
86343,"3"
29572,"3"
75055,"5"
63125,"3"
74182,"8"
77506,"6"
39458,"4"
99700,"6"
103308,"3"
114327,"4"
71787,"3"
53115,"3"
136601,"3"
37469,"3"
77714,"6"
120384,"3"
88556,"3"
74375,"4"
84606,"3"
61756,"4"
93876,"3"
41376,"3"
72544,"4"
133385,"6"
123696,"3"
70471,"4"
31875,"4"
61179,"4"
102039,"4"
92727,"3"
67489,"3"
125896,"3"
121462,"4"
71368,"4"
67793,"6"
59563,"3"
39786,"3"
67933,"4"
96675,"4"
139267,"3"
35342,"3"
65636,"3"
129515,"3"
105935,"3"
98972,"3"
118054,"8"
92296,"3"
114570,"5"
111845,"5"
94845,"8"
84420,"4"
104809,"6"
116118,"3"
73293,"8"
93712,"3"
126584,"3"
82359,"3"
81521,"4"
94663,"5"
59786,"8"
82280,"6"
125074,"3"
56416,"3"
117110,"3"
139981,"4"
39353,"3"
59058,"3"
87769,"6"
132528,"4"
29644,"3"
96911,"3"
127161,"3"
77772,"4"
66153,"6"
92513,"3"
94215,"7"
72004,"3"
78489,"3"
130178,"3"
98696,"3"
80680,"4"
125405,"5"
84650,"5"
32164,"3"
35880,"3"
101752,"3"
47444,"3"
135382,"4"
131800,"3"
36469,"7"
62274,"3"
47724,"3"
99253,"3"
129596,"3"
103798,"3"
54169,"3"
74915,"3"
71462,"6"
82499,"3"
43258,"3"
45931,"3"
130160,"5"
80387,"3"
106672,"8"
124908,"3"
88348,"3"
34816,"3"
84141,"4"
52787,"4"
111324,"4"
43312,"4"
131749,"3"
100892,"3"
111916,"4"
61094,"4"
76235,"3"
139331,"3"
136930,"4"
80232,"3"
138121,"4"
129784,"4"
56397,"5"
110999,"3"
139293,"3"
96759,"3"
40159,"3"
30821,"6"
62009,"3"
135457,"3"
63597,"6"
81367,"8"
67702,"4"
106981,"3"
105221,"3"
42297,"3"
121093,"3"
53539,"5"
32660,"3"
43039,"8"
120102,"5"
134046,"3"
136379,"3"
113952,"3"
52721,"3"
70336,"3"
132804,"3"
83669,"4"
122754,"3"
125661,"3"
49280,"7"
133901,"3"
136879,"3"
76555,"7"
121997,"3"
117771,"3"
60933,"3"
85019,"3"
134065,"3"
61956,"3"
37423,"4"
35420,"5"
86642,"3"
39523,"4"
71890,"3"
69404,"4"
36287,"4"
38748,"5"
73472,"7"
90250,"3"
136413,"3"
113766,"6"
70418,"5"
57602,"8"
43081,"5"
117309,"3"
122426,"3"
104282,"8"
82059,"3"
83156,"4"
38292,"4"
88968,"6"
59964,"4"
89177,"3"
34915,"3"
114347,"3"
62547,"3"
130599,"3"
100018,"6"
56595,"5"
117839,"4"
122598,"3"
134828,"4"
35400,"4"
99102,"3"
81439,"3"
59298,"3"
62570,"3"
126488,"6"
76167,"3"
53816,"3"
83512,"5"
87149,"3"
70975,"3"
30401,"3"
65795,"4"
63155,"8"
100873,"6"
123495,"3"
33875,"3"
99369,"7"
52418,"4"
138247,"6"
92720,"3"
53121,"7"
121299,"7"
82879,"3"
31193,"6"
134564,"3"
36030,"3"
110484,"3"
40233,"4"
111120,"3"
126780,"3"
38767,"3"
93937,"3"
88673,"3"
88371,"3"
91199,"6"
89465,"3"
45636,"3"
52209,"3"
117269,"3"
62355,"3"
97907,"3"
109754,"4"
69929,"5"
113997,"6"
83313,"3"
69389,"4"
34620,"3"
65040,"5"
88793,"8"
49247,"3"
121687,"3"
108028,"3"
119219,"3"
48541,"3"
134740,"3"
57843,"3"
44856,"5"
119624,"3"
96843,"4"
69255,"3"
76478,"4"
63899,"4"
36733,"4"
118619,"3"
141458,"3"
67737,"3"
54368,"3"
135271,"3"
103960,"3"
119056,"4"
107627,"3"
36401,"5"
61383,"8"
132511,"3"
35862,"3"
104340,"3"
51722,"3"
125978,"7"
58882,"3"
114844,"3"
30078,"3"
137810,"3"
41853,"3"
71530,"3"
95814,"6"
52036,"5"
33316,"5"
133581,"3"
135643,"5"
135233,"3"
106271,"3"
97906,"3"
108374,"3"
58195,"3"
44922,"3"
128571,"3"
136907,"7"
89342,"5"
51109,"3"
128017,"5"
110214,"9"
141349,"4"
128911,"5"
40696,"3"
59266,"4"
47702,"3"
124220,"4"
124502,"5"
90782,"5"
77663,"3"
130143,"3"
131426,"4"
122162,"3"
88442,"3"
37364,"4"
67372,"4"
51329,"3"
70162,"7"
111072,"3"
61958,"3"
54990,"3"
132159,"4"
137385,"8"
137294,"3"
50909,"3"
51932,"5"
36568,"3"
85232,"8"
108000,"4"
52428,"6"
86213,"8"
51026,"6"
62289,"4"
91560,"3"
46448,"3"
107705,"6"
125431,"3"
139000,"4"
108533,"4"
78013,"3"
126001,"3"
58806,"3"
94087,"7"
58380,"3"
64008,"3"
66227,"3"
52415,"3"
51833,"3"
128306,"3"
96143,"8"
51754,"3"
141255,"7"
37754,"3"
134045,"3"
98953,"5"
33355,"5"
55348,"4"
83092,"7"
132656,"3"
129227,"4"
110260,"3"
66841,"7"
71528,"3"
61252,"3"
129334,"8"
76558,"8"
114918,"7"
33795,"6"
74480,"4"
83119,"3"
111241,"3"
76336,"3"
32178,"3"
99994,"6"
98978,"3"
44541,"3"
136400,"8"
94474,"5"
128011,"4"
105691,"4"
97881,"6"
38238,"3"
123830,"3"
111204,"3"
91198,"5"
54140,"6"
113546,"3"
78752,"3"
76362,"6"
123547,"4"
62661,"3"
44821,"3"
78882,"4"
44615,"6"
92763,"4"
124433,"3"
111064,"3"
31310,"3"
66007,"7"
121490,"8"
31866,"5"
104208,"3"
135523,"6"
45630,"4"
139605,"4"
81824,"5"
85743,"3"
35154,"3"
112971,"3"
89897,"3"
131289,"3"
77592,"3"
136429,"3"
114292,"4"
61972,"5"
130547,"5"
34619,"5"
140053,"3"
48691,"3"
124565,"8"
91638,"7"
131669,"3"
36055,"3"
45944,"6"
87791,"3"
59205,"3"
88044,"3"
122741,"3"
57261,"3"
107605,"6"
58456,"5"
65918,"3"
76155,"3"
94016,"3"
98872,"4"
101435,"3"
105427,"3"
111618,"6"
40222,"3"
94159,"3"
114182,"3"
65798,"8"
54264,"3"
122870,"4"
39453,"7"
44891,"3"
103526,"3"
124016,"4"
125523,"3"
44777,"3"
37363,"11"
81259,"3"
117340,"5"
125775,"4"
86063,"3"
49038,"3"
57502,"3"
124291,"3"
46529,"3"
36076,"3"
94112,"3"
58755,"3"
99673,"8"
63479,"3"
95306,"6"
32058,"3"
75233,"5"
53551,"4"
102635,"6"
124898,"3"
81267,"3"
87372,"8"
102375,"8"
131039,"5"
60684,"3"
132389,"3"
45496,"5"
96285,"8"
36139,"3"
66398,"6"
48184,"3"
97957,"4"
50238,"4"
112983,"4"
76845,"3"
115989,"3"
130071,"4"
113170,"4"
89890,"4"
94705,"4"
81626,"3"
54062,"3"
67701,"3"
45849,"7"
66885,"6"
81349,"3"
120670,"4"
85378,"8"
32268,"8"
123844,"4"
84327,"3"
48511,"3"
74214,"6"
86878,"3"
111776,"6"
113374,"5"
31647,"3"
126657,"4"
42900,"3"
41476,"3"
70939,"4"
100732,"3"
93471,"3"
136715,"3"
71479,"5"
45119,"3"
86657,"6"
96921,"5"
69831,"4"
66196,"3"
38727,"5"
100538,"4"
56915,"8"
54763,"3"
127377,"3"
84376,"3"
43292,"4"
58167,"3"
39261,"8"
50833,"4"
47001,"3"
127816,"3"
75042,"3"
71094,"5"
104917,"3"
126722,"3"
96197,"5"
71095,"4"
47015,"3"
71310,"3"
92553,"4"
52172,"3"
34424,"5"
43138,"5"
29609,"3"
60117,"3"
60397,"3"
68430,"3"
80570,"3"
109756,"3"
101675,"3"
77175,"6"
46727,"3"
83668,"3"
32955,"8"
36084,"6"
101027,"3"
135906,"4"
72745,"9"
139798,"4"
73612,"3"
71903,"3"
101630,"8"
103713,"3"
137705,"3"
107480,"4"
109683,"8"
65159,"3"
134229,"3"
30311,"3"
58623,"3"
73244,"6"
86569,"3"
70571,"4"
35497,"6"
76294,"8"
114179,"3"
66878,"3"
129715,"3"
59467,"4"
49030,"3"
116495,"3"
56302,"3"
76128,"9"
113841,"6"
70534,"4"
128487,"3"
56671,"8"
60202,"3"
128427,"4"
36335,"3"
63154,"8"
92693,"6"
75546,"3"
54944,"3"
124750,"3"
91904,"8"
105009,"5"
46434,"6"
114645,"3"
129189,"3"
132230,"7"
99883,"3"
111002,"7"
32577,"5"
140233,"3"
93686,"3"
46645,"8"
127315,"3"
42495,"4"
92552,"3"
62594,"6"
48998,"8"
86203,"4"
86109,"3"
82928,"3"
132817,"8"
41062,"4"
73861,"8"
117675,"5"
110397,"3"
89626,"7"
105890,"3"
58269,"4"
109092,"3"
127305,"3"
73477,"3"
60706,"4"
43209,"3"
111842,"3"
104923,"4"
46449,"4"
138083,"5"
104808,"6"
129602,"3"
118613,"3"
46989,"4"
98054,"4"
52292,"6"
39385,"4"
113886,"4"
57903,"3"
121764,"3"
110189,"4"
81472,"3"
48205,"7"
84329,"3"
87391,"3"
47889,"6"
134763,"3"
71640,"3"
62874,"3"
125172,"3"
85189,"4"
100493,"3"
124751,"3"
111437,"3"
62979,"4"
115492,"6"
116434,"3"
94047,"3"
133403,"4"
98206,"4"
39262,"8"
133712,"3"
114951,"8"
50716,"3"
113258,"3"
59547,"3"
87884,"3"
48733,"3"
89967,"3"
56850,"6"
122246,"3"
115609,"8"
75525,"4"
106796,"3"
105336,"4"
120372,"4"
77441,"5"
122673,"3"
70788,"3"
125942,"7"
59703,"4"
124584,"3"
131076,"4"
74355,"3"
71856,"4"
85375,"8"
60482,"5"
127902,"6"
73741,"3"
71803,"3"
127747,"8"
112089,"5"
98436,"4"
44989,"3"
84979,"4"
29659,"4"
106941,"6"
53067,"4"
75710,"7"
91991,"6"
81794,"5"
122711,"5"
37092,"5"
137772,"6"
67682,"4"
82527,"3"
76002,"3"
116229,"4"
123496,"3"
117320,"4"
125640,"4"
118317,"4"
115429,"3"
67526,"3"
39270,"3"
111203,"3"
140269,"5"
83488,"6"
29681,"3"
63693,"3"
31941,"3"
89341,"5"
101481,"8"
39879,"6"
78966,"7"
43314,"3"
103930,"4"
115281,"4"
114290,"4"
110717,"3"
105586,"8"
75308,"3"
101583,"5"
53241,"3"
134217,"8"
58184,"3"
78561,"3"
77880,"4"
130413,"3"
100786,"4"
135812,"4"
91234,"8"
91718,"8"
59982,"3"
132730,"4"
44398,"6"
41184,"3"
37245,"3"
89990,"8"
126443,"3"
56978,"8"
56033,"3"
34626,"4"
41280,"4"
53817,"4"
113794,"5"
46688,"7"
126858,"6"
55438,"5"
73038,"3"
127160,"6"
82367,"3"
104660,"5"
43872,"3"
65980,"3"
85704,"4"
132085,"3"
128765,"3"
119505,"3"
69571,"4"
39196,"5"
65817,"10"
83670,"5"
68061,"7"
70269,"3"
64794,"6"
128682,"7"
41574,"3"
106845,"4"
75198,"3"
58991,"3"
63885,"3"
92256,"3"
56189,"3"
43248,"3"
121355,"3"
44458,"8"
60120,"4"
89438,"3"
95032,"6"
82596,"4"
103181,"6"
35111,"3"
54150,"8"
122647,"3"
86253,"4"
31160,"3"
77049,"4"
41668,"3"
131342,"3"
90692,"8"
53930,"7"
62524,"5"
66555,"3"
50994,"4"
70317,"6"
135763,"3"
105724,"4"
86463,"3"
98625,"3"
92783,"4"
77914,"3"
29662,"8"
127708,"3"
108485,"5"
112961,"5"
50297,"5"
123584,"4"
42670,"4"
134711,"8"
117640,"6"
116602,"4"
91801,"3"
93452,"3"
67367,"3"
106265,"6"
138348,"6"
64530,"3"
74116,"8"
137511,"3"
109899,"3"
72318,"3"
48075,"4"
100459,"7"
55428,"3"
40518,"3"
140827,"8"
52990,"3"
95914,"3"
95265,"5"
84623,"3"
59019,"3"
63632,"8"
34758,"3"
99611,"3"
98930,"6"
91708,"6"
86729,"8"
34238,"3"
139835,"8"
77800,"6"
67062,"3"
50874,"5"
127178,"3"
98703,"3"
73743,"3"
76032,"3"
113593,"5"
51582,"4"
128078,"7"
81625,"3"
33853,"4"
95840,"3"
124249,"3"
141342,"3"
109366,"3"
96372,"3"
84165,"6"
111664,"8"
87690,"3"
44793,"4"
32024,"5"
107517,"3"
31072,"3"
135022,"4"
86629,"3"
98439,"6"
35641,"3"
29682,"4"
136749,"4"
35998,"3"
92304,"4"
53739,"3"
32786,"4"
135856,"4"
48339,"5"
90288,"5"
94814,"3"
36670,"8"
56927,"6"
37619,"8"
61405,"3"
89905,"5"
83659,"3"
141510,"3"
128345,"8"
64009,"3"
33120,"3"
62136,"3"
66258,"3"
124528,"8"
47580,"3"
31231,"3"
130705,"7"
80715,"3"
135771,"3"
30687,"4"
115892,"4"
126280,"3"
91070,"8"
102941,"7"
120691,"8"
111367,"3"
115413,"3"
106476,"6"
134826,"3"
59710,"4"
138642,"3"
79507,"3"
49198,"3"
105602,"7"
124017,"3"
62607,"3"
107581,"6"
106083,"3"
54325,"7"
61273,"4"
46326,"5"
34687,"3"
137054,"6"
39797,"3"
88261,"3"
80256,"3"
138650,"7"
52755,"8"
46640,"3"
135978,"7"
116695,"4"
34040,"5"
118401,"5"
131869,"3"
104143,"3"
33393,"3"
121708,"3"
39217,"3"
44836,"4"
30080,"3"
96842,"8"
70214,"4"
87737,"3"
68803,"4"
34473,"5"
127531,"3"
139618,"4"
134009,"3"
69174,"4"
66619,"3"
104786,"9"
71705,"3"
125913,"3"
93400,"3"
139616,"5"
40904,"6"
94145,"3"
84213,"3"
62246,"4"
29948,"3"
127091,"3"
70273,"3"
93651,"4"
127828,"3"
32696,"3"
34101,"3"
47802,"4"
47878,"3"
141795,"8"
121559,"3"
58815,"5"
46905,"3"
42732,"3"
102639,"6"
90743,"3"
93206,"3"
76625,"3"
54512,"3"
40215,"3"
67309,"3"
80857,"5"
123851,"8"
67776,"6"
84164,"3"
93974,"6"
71223,"4"
93728,"3"
66886,"6"
64988,"3"
49968,"4"
80997,"3"
85443,"3"
46641,"3"
102843,"5"
133864,"8"
107150,"8"
129491,"4"
105606,"8"
45233,"3"
38777,"6"
90029,"8"
126644,"5"
62320,"5"
139328,"8"
46695,"3"
68999,"6"
99578,"4"
137717,"4"
72337,"4"
71433,"4"
104557,"11"
101254,"3"
84976,"3"
56806,"3"
126155,"3"
108333,"7"
86710,"3"
52948,"3"
93144,"3"
66114,"3"
111157,"3"
80926,"3"
48533,"3"
60841,"3"
45150,"3"
98971,"3"
49786,"3"
92240,"4"
62601,"5"
96058,"3"
79615,"3"
107090,"4"
77712,"3"
90472,"3"
64922,"5"
56452,"8"
123658,"3"
120948,"3"
57197,"3"
131658,"3"
98800,"8"
139039,"3"
62611,"3"
35377,"3"
104679,"4"
64362,"6"
127434,"6"
50280,"3"
129368,"3"
92482,"6"
105995,"3"
122315,"8"
36665,"5"
91992,"8"
124583,"3"
105052,"3"
84931,"6"
141448,"3"
88660,"3"
54335,"4"
78956,"6"
32375,"4"
80848,"8"
112875,"3"
91504,"4"
121934,"3"
92189,"4"
34441,"4"
55935,"4"
107661,"5"
82279,"5"
89811,"4"
72853,"3"
114293,"4"
81919,"4"
125053,"9"
37899,"3"
68976,"3"
70209,"3"
109113,"3"
65659,"6"
85353,"4"
126434,"5"
66014,"5"
44383,"3"
76803,"3"
31980,"4"
114363,"3"
46482,"4"
135466,"8"
57503,"3"
50030,"8"
132530,"4"
107829,"3"
83526,"4"
121653,"5"
120203,"3"
70700,"4"
34733,"3"
44790,"3"
38293,"4"
136644,"8"
93528,"4"
73101,"3"
31765,"6"
92252,"7"
78550,"5"
46865,"4"
80878,"8"
62261,"3"
65719,"3"
46068,"3"
91757,"3"
43906,"4"
121483,"3"
130188,"5"
36791,"4"
91400,"6"
59827,"4"
106872,"6"
83291,"4"
75843,"8"
103982,"3"
62627,"3"
58262,"3"
40474,"7"
124027,"3"
124272,"8"
81635,"3"
127141,"3"
92590,"3"
41690,"5"
75701,"3"
33579,"7"
131694,"6"
89295,"3"
91242,"4"
67166,"3"
75056,"5"
57252,"8"
117842,"4"
112548,"3"
119504,"3"
53396,"3"
75969,"3"
120565,"6"
91486,"5"
85621,"5"
115958,"3"
121717,"6"
30037,"5"
126103,"3"
76999,"6"
77603,"8"
139742,"4"
117564,"3"
31470,"3"
110025,"8"
135770,"3"
81852,"3"
37156,"3"
39796,"3"
77102,"4"
57633,"4"
98319,"4"
96922,"4"
31345,"8"
133042,"3"
87393,"3"
96417,"3"
61511,"4"
119892,"3"
119523,"3"
65008,"5"
108409,"3"
35656,"3"
72028,"3"
92725,"7"
136128,"3"
57030,"3"
131163,"8"
83542,"7"
65936,"3"
35467,"3"
81574,"3"
50207,"6"
131941,"8"
120173,"3"
69837,"4"
139836,"4"
108370,"4"
122885,"3"
80535,"4"
65599,"3"
125404,"4"
115491,"7"
32758,"5"
67209,"3"
98437,"4"
114135,"8"
62245,"3"
31341,"6"
128184,"3"
65303,"4"
66667,"3"
106290,"3"
48092,"3"
35511,"3"
134309,"4"
41375,"3"
93017,"3"
118156,"3"
139091,"7"
101374,"6"
32761,"3"
39681,"3"
53647,"3"
58010,"7"
82770,"3"
140982,"3"
103046,"3"
69699,"8"
121101,"3"
30389,"3"
92825,"8"
55589,"4"
120115,"4"
96771,"6"
95104,"3"
138360,"8"
46315,"3"
80073,"3"
66165,"5"
114371,"3"
69674,"4"
46229,"3"
95910,"4"
71581,"3"
42568,"7"
136592,"8"
129816,"3"
137552,"3"
137843,"4"
74488,"3"
34430,"3"
49559,"3"
124271,"7"
90640,"6"
63387,"8"
104845,"3"
89262,"4"
55622,"3"
81714,"3"
52865,"6"
72261,"3"
107083,"5"
102000,"4"
33159,"3"
113238,"3"
77629,"3"
114505,"4"
140986,"3"
94552,"4"
103207,"3"
124131,"3"
88352,"3"
97007,"11"
95055,"4"
108799,"9"
84308,"3"
110009,"3"
140502,"3"
73245,"10"
99662,"3"
93287,"3"
115610,"5"
120443,"3"
111100,"3"
35788,"3"
137720,"3"
36675,"4"
59265,"4"
123591,"3"
90159,"6"
33881,"3"
48326,"4"
125756,"4"
76099,"3"
59784,"6"
77928,"3"
98177,"3"
71525,"3"
32760,"3"
44635,"3"
80234,"4"
135892,"3"
135912,"3"
55531,"3"
116601,"3"
36536,"3"
119877,"3"
80788,"3"
134033,"4"
119933,"5"
86719,"4"
94269,"3"
61230,"6"
118053,"6"
136594,"3"
66132,"7"
35152,"3"
65142,"3"
86205,"3"
46294,"3"
136977,"3"
115346,"3"
49527,"6"
40366,"3"
108152,"4"
114739,"3"
90255,"5"
106257,"4"
41823,"4"
121603,"4"
140675,"3"
112918,"3"
58879,"5"
83638,"3"
49561,"3"
134151,"7"
88433,"3"
53430,"6"
70536,"3"
62271,"3"
133264,"4"
104281,"8"
68571,"3"
110351,"3"
92692,"6"
102037,"3"
60795,"4"
132518,"4"
126586,"4"
54601,"3"
82068,"4"
82009,"3"
50482,"3"
121650,"5"
69578,"3"
118195,"3"
99515,"6"
90880,"8"
40329,"3"
118306,"8"
34890,"3"
85691,"4"
73066,"3"
67479,"3"
68284,"3"
123543,"4"
137992,"3"
114833,"4"
86730,"3"
134701,"4"
82274,"8"
82913,"6"
44090,"5"
141009,"4"
43055,"3"
119214,"5"
125897,"3"
53446,"7"
122403,"3"
45349,"3"
90488,"8"
54805,"3"
55646,"3"
59783,"7"
62321,"4"
129463,"3"
61000,"3"
57981,"3"
92018,"5"
90916,"3"
71214,"4"
36795,"3"
109755,"4"
127871,"7"
131485,"3"
56417,"4"
62633,"3"
36057,"3"
62367,"8"
109198,"3"
109548,"3"
34726,"4"
89476,"3"
65252,"5"
137114,"6"
67179,"6"
63800,"4"
91769,"3"
43453,"3"
119901,"8"
66659,"5"
97656,"3"
112340,"3"
35099,"3"
47357,"4"
119421,"6"
117478,"4"
34337,"3"
31611,"3"
136022,"4"
141005,"8"
121733,"3"
69289,"3"
45508,"3"
82600,"3"
68544,"5"
101568,"5"
102337,"3"
54611,"3"
77638,"6"
104703,"3"
109931,"3"
129815,"3"
128247,"3"
61757,"5"
63969,"3"
44163,"3"
57642,"7"
122076,"3"
117674,"4"
74908,"8"
112460,"7"
117680,"3"
118492,"8"
127529,"4"
110463,"4"
115964,"3"
30996,"3"
73125,"3"
79161,"3"
118269,"4"
33724,"4"
32269,"8"
140825,"8"
72246,"6"
40500,"3"
76260,"3"
126014,"5"
70517,"3"
82764,"7"
102664,"4"
85384,"8"
117087,"3"
70787,"3"
71327,"4"
59195,"28"
140688,"4"
65448,"3"
102447,"3"
120234,"6"
138643,"3"
48243,"8"
88557,"3"
96730,"4"
32822,"5"
117045,"3"
63798,"4"
51830,"3"
51078,"5"
101753,"3"
73138,"6"
38530,"3"
43998,"4"
123633,"3"
30692,"5"
101422,"3"
118421,"3"
88661,"4"
97237,"3"
40630,"3"
80987,"4"
43383,"3"
71857,"5"
111337,"8"
110261,"3"
137528,"4"
60171,"3"
126720,"6"
80403,"4"
113691,"8"
50167,"4"
80230,"3"
40220,"3"
49037,"3"
128781,"3"
83856,"8"
105920,"3"
66682,"4"
47112,"6"
46483,"4"
55491,"3"
36522,"4"
77812,"8"
85511,"3"
91658,"4"
134406,"5"
100249,"3"
33997,"3"
29954,"3"
40920,"3"
75315,"3"
104480,"3"
107361,"4"
77216,"3"
31979,"4"
109971,"3"
93666,"7"
49581,"3"
76376,"3"
69158,"3"
119503,"3"
68475,"3"
133309,"3"
34898,"7"
78828,"3"
84163,"3"
90812,"3"
131675,"6"
128794,"4"
31330,"3"
55430,"3"
123866,"3"
102717,"4"
55377,"3"
71825,"3"
33817,"3"
85258,"8"
62018,"5"
50783,"3"
73542,"3"
90030,"8"
56901,"3"
71341,"4"
34166,"3"
33032,"3"
176782,"3"
153030,"4"
148169,"3"
174425,"3"
169735,"5"
166041,"3"
148879,"4"
141937,"3"
146637,"5"
142598,"4"
167786,"4"
179525,"3"
169443,"4"
158703,"5"
147904,"4"
153745,"3"
160308,"3"
158908,"5"
145394,"3"
166976,"3"
148797,"3"
146456,"5"
151438,"6"
160890,"4"
166833,"8"
166358,"3"
167397,"3"
157549,"5"
145006,"8"
154095,"8"
144973,"8"
176730,"3"
173993,"4"
173994,"4"
148517,"4"
142668,"6"
148767,"3"
179951,"3"
157259,"6"
146765,"5"
177814,"3"
142605,"7"
159327,"5"
149570,"4"
172144,"3"
169310,"4"
165872,"3"
141935,"4"
173676,"3"
179575,"4"
176945,"5"
176446,"4"
144517,"3"
176611,"3"
165196,"6"
148447,"6"
151738,"3"
159889,"3"
144735,"4"
176375,"5"
148591,"3"
154569,"5"
176770,"3"
169804,"3"
144289,"3"
176493,"4"
157469,"3"
171181,"4"
151685,"3"
168948,"6"
161929,"3"
148164,"3"
173264,"3"
171537,"4"
156111,"8"
164509,"9"
157780,"3"
170954,"7"
165463,"3"
156982,"3"
164553,"8"
162191,"3"
146761,"4"
143163,"8"
143167,"3"
172969,"5"
148804,"3"
171689,"4"
161580,"3"
145729,"3"
145286,"4"
145154,"8"
169045,"3"
159104,"3"
146007,"3"
156378,"4"
175125,"3"
147864,"4"
176576,"3"
148071,"4"
174099,"3"
145293,"6"
143739,"3"
149775,"7"
164699,"4"
161390,"8"
168769,"3"
144028,"5"
150299,"3"
164682,"3"
159126,"3"
150245,"3"
146857,"3"
141974,"5"
166299,"3"
168089,"7"
170171,"3"
166032,"5"
178754,"3"
176488,"5"
161802,"4"
145762,"3"
174883,"4"
157958,"3"
166554,"8"
156418,"3"
174277,"3"
164148,"7"
179538,"4"
167103,"5"
154985,"5"
174882,"3"
168591,"5"
142712,"3"
174614,"6"
147688,"3"
142756,"3"
146855,"3"
147903,"3"
164081,"3"
144053,"3"
152271,"3"
164689,"3"
176124,"3"
151985,"3"
149704,"3"
165562,"3"
142959,"8"
163562,"4"
179112,"3"
173991,"3"
142612,"3"
157262,"6"
158119,"4"
178773,"6"
172509,"5"
174881,"3"
150119,"3"
155370,"5"
153962,"9"
155803,"3"
144569,"5"
144929,"6"
146684,"7"
143270,"5"
143113,"3"
153954,"4"
148801,"4"
168904,"6"
153076,"5"
178994,"3"
150752,"3"
160304,"8"
163769,"3"
145730,"3"
161244,"3"
175884,"4"
148046,"5"
141884,"4"
174464,"3"
153152,"7"
154336,"4"
161126,"4"
156354,"4"
167632,"3"
164250,"7"
173053,"4"
155907,"8"
151106,"3"
162954,"8"
151283,"6"
173640,"3"
179258,"4"
179940,"3"
164545,"8"
156161,"3"
179376,"3"
176955,"4"
170842,"6"
147047,"3"
171045,"3"
149268,"3"
152013,"4"
176574,"4"
156511,"3"
172269,"3"
143059,"3"
155995,"4"
146449,"3"
166223,"3"
143870,"7"
153600,"6"
168140,"3"
151791,"6"
164299,"3"
154531,"4"
160342,"3"
172811,"7"
161243,"4"
167059,"3"
144550,"4"
152109,"6"
163335,"3"
173644,"5"
173623,"4"
159517,"7"
169235,"6"
161746,"3"
146521,"3"
167085,"3"
164522,"6"
158790,"3"
177813,"5"
173961,"8"
155955,"5"
179941,"4"
178140,"6"
173909,"7"
176067,"3"
154804,"3"
179186,"3"
164939,"6"
145733,"3"
160599,"3"
173108,"3"
143871,"7"
145967,"3"
169761,"4"
175412,"7"
168368,"4"
142749,"6"
173953,"7"
176125,"3"
151706,"8"
159514,"8"
163152,"3"
158898,"7"
167586,"8"
167710,"7"
149859,"3"
158824,"3"
166898,"3"
170937,"3"
165040,"8"
148869,"3"
148955,"3"
141942,"3"
150322,"3"
167873,"4"
157873,"4"
156661,"4"
157721,"8"
177170,"5"
154752,"4"
148201,"8"
175487,"3"
155419,"3"
155100,"3"
169874,"4"
164825,"4"
154555,"3"
149590,"3"
167357,"4"
176489,"6"
157018,"4"
147705,"3"
164251,"5"
159440,"3"
168139,"3"
149024,"3"
148530,"10"
171782,"3"
167617,"4"
151409,"4"
179954,"5"
153056,"3"
150288,"3"
161389,"8"
163339,"3"
159977,"3"
174552,"3"
174378,"3"
162252,"4"
145901,"7"
165143,"3"
178791,"3"
169755,"4"
159257,"5"
141846,"3"
176486,"8"
166360,"4"
146881,"3"
146305,"3"
179535,"3"
176783,"8"
150466,"3"
148328,"4"
150001,"4"
154854,"8"
145664,"8"
174262,"3"
178499,"3"
168625,"3"
164022,"3"
165838,"3"
179508,"4"
175385,"3"
165339,"4"
170604,"8"
170953,"8"
173919,"4"
176960,"3"
157586,"3"
165905,"3"
147631,"5"
177608,"7"
158936,"3"
162744,"5"
169652,"3"
153513,"3"
158427,"3"
159564,"5"
143268,"5"
162487,"6"
148194,"3"
148800,"3"
171550,"8"
172275,"3"
159668,"3"
178458,"3"
158388,"3"
178421,"3"
163664,"4"
177678,"3"
166673,"3"
155901,"4"
159971,"3"
174021,"3"
150866,"4"
179574,"4"
170493,"8"
178976,"3"
165439,"3"
148487,"3"
150797,"3"
148391,"8"
169315,"4"
178568,"3"
151531,"3"
167625,"3"
170027,"3"
143797,"4"
145731,"3"
172591,"7"
146839,"3"
164054,"4"
146422,"3"
147137,"3"
153887,"8"
148772,"3"
148041,"4"
171092,"3"
161981,"6"
148933,"5"
144996,"5"
178867,"4"
168956,"3"
156182,"3"
158715,"6"
143785,"5"
150478,"3"
161262,"3"
179704,"3"
169064,"5"
152993,"3"
178467,"3"
154479,"3"
165598,"5"
167048,"3"
151392,"3"
172082,"3"
167108,"3"
168624,"4"
148620,"3"
174748,"3"
169337,"3"
151042,"4"
164466,"3"
178115,"4"
165141,"3"
157737,"6"
158510,"3"
172952,"3"
172644,"5"
167966,"5"
153935,"3"
171506,"3"
143144,"3"
151406,"4"
178470,"3"
171846,"4"
143022,"3"
159569,"3"
148318,"3"
143790,"3"
148778,"4"
148451,"5"
175481,"3"
144217,"8"
178437,"4"
175355,"4"
145468,"6"
163586,"7"
171434,"4"
150869,"3"
163426,"3"
154197,"8"
166590,"5"
151754,"4"
175203,"3"
149565,"4"
147021,"4"
164511,"3"
172050,"6"
159185,"4"
180227,"3"
157881,"3"
150363,"3"
167980,"5"
168523,"3"
163711,"5"
148911,"3"
148721,"3"
171069,"3"
142176,"4"
160198,"8"
156949,"3"
150287,"4"
168190,"3"
173945,"3"
169873,"4"
172386,"3"
159063,"3"
169716,"3"
160738,"3"
149539,"3"
172136,"3"
151151,"3"
175612,"3"
171524,"3"
168319,"4"
174150,"8"
173125,"4"
144079,"5"
171552,"3"
153212,"6"
144238,"3"
173469,"4"
149810,"7"
148241,"6"
154797,"3"
158761,"8"
170008,"3"
156027,"3"
163382,"7"
160330,"5"
179396,"6"
180017,"3"
178331,"4"
154905,"6"
149772,"8"
179953,"3"
158514,"4"
147151,"3"
174330,"3"
148379,"3"
154805,"3"
149014,"6"
154697,"4"
143948,"3"
173783,"7"
150066,"3"
160449,"8"
174824,"3"
144520,"3"
162505,"8"
162711,"8"
176620,"4"
151609,"3"
175384,"3"
165338,"5"
169544,"5"
145399,"3"
175836,"4"
150622,"3"
146515,"6"
150334,"8"
167216,"3"
179375,"3"
163159,"6"
179764,"7"
145726,"5"
144354,"3"
142996,"4"
145345,"3"
178438,"5"
160302,"3"
153886,"7"
173280,"4"
160749,"8"
153500,"3"
148771,"3"
148608,"5"
163209,"3"
165837,"5"
160442,"4"
162476,"4"
169341,"3"
142237,"3"
173111,"3"
175863,"3"
152145,"8"
154355,"9"
173831,"3"
160473,"3"
142640,"3"
146754,"7"
152058,"5"
153327,"3"
177978,"8"
152583,"7"
174008,"4"
166157,"4"
179259,"4"
162364,"3"
171649,"8"
142806,"3"
160869,"8"
149419,"3"
166944,"3"
180066,"3"
163476,"6"
147120,"6"
153265,"3"
169737,"3"
152252,"6"
143292,"3"
172562,"3"
179523,"3"
147157,"4"
142033,"3"
174633,"3"
163601,"3"
159172,"3"
167120,"6"
180130,"3"
155177,"3"
165325,"3"
146928,"7"
171209,"3"
176452,"3"
145697,"4"
160741,"3"
157162,"4"
152842,"3"
165778,"4"
153295,"4"
168525,"3"
159328,"4"
142439,"3"
174204,"8"
176959,"3"
163221,"7"
146762,"5"
166683,"3"
156685,"4"
178410,"6"
156832,"3"
154801,"4"
171362,"3"
145437,"3"
167414,"3"
143652,"3"
152002,"3"
157240,"5"
163389,"3"
175373,"6"
162336,"4"
156668,"3"
152162,"3"
150756,"3"
164252,"5"
166325,"3"
150410,"8"
168537,"7"
169655,"5"
150791,"5"
179819,"4"
150224,"3"
170367,"4"
159978,"3"
161326,"4"
167582,"5"
155913,"7"
173741,"3"
145960,"3"
174652,"6"
149301,"4"
154838,"3"
161516,"6"
156339,"8"
168034,"3"
173107,"3"
171162,"3"
149140,"4"
153275,"6"
174138,"8"
169236,"5"
171757,"3"
143643,"3"
158403,"3"
178442,"3"
146407,"3"
153533,"3"
148196,"4"
159105,"3"
168050,"3"
166082,"3"
163219,"8"
172000,"3"
152954,"3"
165560,"3"
172794,"3"
178459,"8"
149381,"3"
168809,"3"
146875,"8"
159195,"4"
167330,"3"
175346,"3"
149093,"4"
157201,"6"
152382,"3"
154176,"3"
150070,"4"
156487,"3"
175096,"3"
157032,"7"
156565,"3"
173852,"5"
161176,"3"
157961,"3"
153402,"8"
148037,"3"
166897,"4"
150730,"3"
173952,"5"
155472,"4"
161976,"3"
168154,"3"
165738,"8"
159202,"3"
177062,"5"
157604,"3"
154440,"3"
176491,"5"
158165,"5"
164160,"5"
165736,"3"
172061,"3"
148703,"3"
173987,"4"
178381,"3"
146541,"4"
161554,"3"
150827,"3"
162016,"5"
148996,"6"
179719,"4"
173859,"3"
143302,"3"
174485,"3"
145566,"3"
154042,"3"
176417,"3"
174401,"5"
158225,"3"
153836,"3"
155196,"3"
148047,"4"
155180,"4"
162214,"6"
158152,"4"
153964,"8"
178448,"3"
165262,"3"
158868,"3"
153810,"6"
142613,"3"
152135,"6"
176013,"6"
175564,"3"
177805,"3"
165717,"5"
142223,"8"
157222,"7"
168158,"3"
153072,"8"
164454,"3"
162971,"3"
161292,"3"
154376,"3"
150933,"3"
177340,"3"
171560,"9"
168592,"4"
143150,"8"
176111,"3"
154698,"3"
143368,"8"
156833,"3"
159344,"3"
170529,"6"
172245,"3"
176405,"5"
145454,"4"
164973,"7"
145372,"4"
143933,"3"
165136,"5"
144588,"5"
164296,"3"
144290,"3"
156743,"4"
160392,"8"
152179,"4"
160199,"8"
146766,"4"
169571,"8"
157089,"3"
177338,"3"
170567,"3"
179402,"3"
169187,"5"
153484,"3"
174977,"4"
149095,"4"
179706,"8"
174344,"3"
168376,"3"
158902,"3"
142470,"4"
168631,"3"
151075,"7"
166564,"3"
147226,"3"
164583,"5"
160353,"5"
144813,"8"
159343,"4"
159215,"4"
143151,"8"
178213,"4"
164112,"3"
161806,"3"
152488,"3"
173535,"6"
162513,"3"
158404,"6"
168221,"6"
171035,"3"
179863,"3"
179852,"4"
167645,"5"
178217,"4"
148167,"3"
168317,"4"
167516,"3"
167355,"4"
167239,"3"
164055,"3"
173333,"4"
173366,"4"
168595,"4"
152818,"3"
145007,"3"
120036,"3"
49406,"8"
129945,"3"
67105,"4"
66661,"4"
59260,"4"
84839,"3"
127530,"4"
65563,"3"
103735,"8"
91800,"3"
68897,"3"
88049,"3"
59043,"3"
48071,"5"
45899,"3"
125603,"3"
55835,"3"
36826,"3"
57031,"5"
32161,"3"
44710,"3"
30667,"4"
104777,"4"
112649,"8"
106885,"5"
144587,"6"
100225,"3"
56660,"3"
35412,"5"
124911,"7"
51741,"3"
39983,"3"
107149,"8"
87228,"5"
87336,"3"
84038,"3"
86721,"5"
70157,"3"
126109,"3"
79918,"3"
112981,"3"
82197,"7"
70268,"3"
81956,"3"
80319,"3"
52388,"5"
118081,"3"
41118,"3"
116923,"3"
93621,"3"
97968,"5"
96867,"5"
70281,"4"
42543,"3"
98339,"3"
123119,"3"
93973,"4"
103371,"4"
130187,"3"
131317,"3"
56827,"3"
91663,"3"
60013,"4"
48904,"3"
132908,"8"
143756,"6"
42418,"5"
56539,"4"
78570,"3"
101388,"3"
95898,"4"
91532,"3"
108269,"5"
90163,"3"
103499,"3"
62057,"3"
57958,"6"
86028,"9"
131754,"3"
40697,"3"
44145,"3"
60601,"3"
97297,"3"
67485,"5"
61647,"4"
121276,"3"
92033,"3"
134493,"3"
71155,"8"
106528,"4"
47934,"6"
55760,"3"
94529,"4"
67916,"5"
104301,"3"
137890,"3"
131827,"7"
92595,"5"
128460,"8"
83504,"3"
142669,"3"
134093,"3"
146993,"3"
64816,"4"
65294,"6"
61336,"3"
122349,"3"
115699,"3"
55833,"3"
45509,"4"
80377,"4"
118874,"5"
120103,"8"
48503,"3"
133383,"3"
57348,"4"
93462,"3"
52220,"8"
35374,"4"
106546,"3"
121365,"3"
77643,"8"
121484,"3"
52622,"3"
34048,"3"
88055,"3"
114354,"3"
85932,"3"
41279,"4"
57000,"3"
79191,"3"
56485,"9"
91538,"3"
70841,"3"
121269,"7"
121070,"3"
91011,"8"
92059,"3"
123774,"6"
40253,"5"
91401,"6"
102691,"3"
55441,"3"
113382,"3"
95181,"4"
45023,"3"
77701,"4"
143068,"3"
100768,"4"
136476,"3"
109378,"3"
86178,"6"
128861,"4"
36575,"4"
89385,"3"
30201,"3"
104418,"5"
35723,"3"
95909,"7"
51579,"3"
57253,"3"
98059,"3"
76443,"4"
73773,"3"
85373,"8"
139025,"3"
82397,"5"
75415,"8"
39990,"5"
45399,"3"
113021,"3"
29678,"4"
41377,"3"
126865,"3"
117631,"3"
93212,"13"
53661,"3"
61388,"3"
75041,"3"
48585,"6"
96385,"4"
90937,"3"
63762,"3"
100851,"8"
88960,"3"
97567,"9"
127418,"4"
59316,"3"
58125,"3"
99243,"4"
87482,"3"
62110,"4"
110411,"8"
60180,"3"
46956,"3"
110219,"4"
36797,"5"
106315,"3"
48620,"3"
88528,"4"
33506,"3"
61731,"3"
125540,"3"
39232,"4"
69278,"4"
135393,"4"
61957,"4"
98153,"3"
103714,"3"
65145,"3"
127684,"3"
29589,"6"
48876,"5"
104462,"4"
75019,"3"
143584,"8"
138539,"3"
114429,"5"
90780,"8"
53383,"5"
113274,"4"
95597,"5"
76910,"3"
44930,"8"
81960,"3"
29950,"3"
124749,"3"
29911,"3"
75329,"4"
80308,"3"
129464,"3"
45115,"4"
68053,"4"
118923,"3"
88929,"3"
139524,"5"
72212,"3"
58336,"3"
74916,"3"
88087,"3"
61256,"4"
117394,"5"
64975,"3"
83927,"5"
77723,"7"
59151,"5"
131595,"3"
33725,"4"
36432,"3"
66257,"5"
123793,"3"
144629,"3"
77021,"8"
32137,"3"
118556,"7"
106522,"3"
46436,"4"
102482,"3"
31342,"4"
64106,"5"
87849,"4"
102995,"3"
143534,"6"
63187,"4"
114501,"3"
100666,"3"
122381,"3"
91639,"6"
105334,"4"
48036,"3"
57664,"3"
29902,"3"
99296,"6"
72525,"3"
104590,"6"
66021,"3"
100396,"6"
142103,"8"
139873,"8"
45371,"6"
117032,"4"
118972,"4"
73596,"5"
51694,"3"
146421,"4"
97036,"3"
132731,"4"
66340,"3"
136558,"3"
96983,"4"
122759,"4"
88332,"6"
78675,"4"
46690,"3"
71613,"3"
44459,"4"
39402,"3"
125408,"5"
62286,"8"
31616,"6"
118402,"5"
80947,"3"
59021,"5"
108057,"8"
75868,"8"
109067,"3"
141941,"3"
120860,"4"
106654,"8"
95712,"4"
115073,"3"
110114,"6"
137353,"3"
47008,"6"
42885,"6"
95027,"3"
37231,"19"
44351,"3"
126454,"3"
82838,"5"
126859,"3"
129766,"3"
88527,"4"
92943,"3"
144505,"3"
41437,"3"
81933,"4"
46231,"4"
135976,"7"
110577,"3"
88029,"7"
123555,"4"
34146,"3"
136803,"3"
50005,"4"
38998,"3"
144621,"3"
115423,"3"
47612,"3"
117651,"4"
56158,"3"
61089,"8"
75914,"4"
132753,"3"
60573,"3"
91723,"8"
98871,"4"
93485,"8"
55959,"3"
43195,"3"
48120,"3"
113771,"3"
45381,"3"
70886,"8"
56992,"8"
38783,"3"
105301,"3"
63968,"5"
96377,"3"
48051,"3"
121226,"3"
116648,"3"
114504,"3"
58497,"3"
128219,"5"
48734,"3"
132229,"7"
101361,"3"
127894,"3"
102952,"5"
84077,"3"
68361,"7"
84430,"3"
146760,"4"
96376,"4"
118227,"4"
32792,"3"
130848,"8"
124225,"4"
58270,"4"
107743,"6"
52502,"3"
52387,"4"
35538,"3"
118873,"6"
41169,"6"
137147,"3"
51474,"3"
71440,"3"
141900,"6"
31207,"3"
88836,"3"
132223,"3"
137301,"3"
55954,"3"
65973,"3"
90809,"4"
125498,"6"
58588,"3"
121003,"3"
89801,"3"
93033,"3"
61646,"4"
40958,"4"
102251,"3"
142268,"4"
46866,"5"
55042,"3"
115094,"3"
42214,"4"
110417,"6"
82578,"8"
64413,"7"
33805,"6"
33544,"3"
41211,"3"
112887,"4"
111321,"3"
125073,"3"
34369,"4"
34681,"4"
108451,"7"
114674,"3"
118331,"3"
43876,"8"
33124,"3"
77687,"3"
56902,"4"
146913,"8"
47563,"3"
41023,"3"
91740,"8"
41511,"6"
74486,"4"
39980,"3"
134299,"3"
86476,"3"
57224,"5"
133277,"7"
81694,"8"
122871,"5"
32658,"3"
48789,"3"
63231,"3"
107580,"6"
76494,"3"
68483,"3"
40174,"3"
49994,"8"
108875,"4"
72435,"3"
112816,"3"
135573,"3"
60119,"5"
33135,"8"
40844,"4"
144841,"3"
57557,"3"
34049,"3"
113587,"4"
78468,"8"
80227,"4"
32820,"7"
119694,"4"
134874,"6"
62745,"3"
44267,"3"
128995,"3"
85603,"8"
59241,"3"
119948,"3"
56926,"6"
114339,"3"
47265,"3"
38951,"3"
86656,"3"
80931,"3"
47124,"3"
118413,"3"
70205,"3"
80085,"5"
46694,"3"
139977,"3"
79850,"3"
93527,"5"
62210,"3"
65979,"3"
64646,"3"
46175,"6"
60558,"3"
83252,"6"
35676,"4"
133404,"4"
89320,"3"
85388,"6"
146919,"3"
74338,"3"
119476,"3"
142252,"4"
69477,"3"
55896,"3"
143538,"7"
115870,"7"
43059,"3"
89975,"5"
78514,"3"
36571,"3"
51507,"3"
59677,"8"
54927,"3"
47032,"7"
82772,"7"
112415,"3"
84063,"3"
77466,"7"
33137,"8"
95333,"3"
117843,"4"
35999,"4"
91102,"3"
39352,"3"
80360,"8"
45516,"5"
35429,"3"
50204,"4"
140255,"3"
85020,"5"
43269,"3"
110412,"8"
55409,"4"
62990,"3"
57223,"5"
103676,"3"
85070,"3"
69697,"4"
87306,"3"
136129,"3"
68738,"6"
63496,"4"
47987,"3"
115205,"3"
124611,"8"
79265,"3"
69239,"3"
137773,"6"
81209,"3"
118150,"8"
91434,"6"
96181,"8"
100183,"3"
87800,"4"
51397,"3"
106235,"8"
73733,"7"
71432,"4"
59367,"3"
142571,"6"
62137,"3"
32377,"3"
77628,"4"
37189,"4"
32720,"5"
67891,"3"
94050,"3"
80930,"3"
114328,"4"
102864,"3"
90571,"3"
74073,"4"
38810,"3"
135528,"6"
88045,"3"
141100,"4"
65489,"3"
131634,"5"
115780,"8"
110051,"8"
30722,"3"
111950,"3"
77719,"4"
122552,"4"
45477,"3"
70164,"3"
57034,"3"
48074,"4"
106475,"8"
51691,"4"
138570,"8"
126314,"7"
40980,"3"
56797,"3"
82501,"3"
29679,"4"
69760,"6"
31536,"6"
120606,"5"
49343,"6"
95705,"3"
41456,"3"
111639,"7"
95915,"3"
144338,"3"
51424,"3"
145456,"6"
119069,"4"
130851,"6"
136938,"3"
86978,"3"
140744,"4"
50165,"3"
48072,"6"
93678,"3"
89627,"10"
61268,"3"
86455,"3"
45925,"4"
71478,"3"
109954,"4"
80927,"3"
123908,"3"
76445,"3"
134790,"3"
123902,"4"
67025,"3"
126241,"3"
48172,"3"
125368,"3"
45896,"3"
44618,"3"
122283,"6"
124278,"3"
66684,"4"
140108,"4"
128338,"3"
51756,"3"
80229,"3"
117153,"3"
82123,"3"
108178,"3"
41149,"3"
135396,"9"
102636,"6"
63180,"3"
133455,"3"
115098,"7"
83076,"3"
102101,"4"
83783,"3"
83671,"4"
44704,"6"
108289,"5"
85712,"5"
59805,"3"
41733,"3"
119630,"3"
127239,"3"
115379,"4"
42424,"3"
111121,"4"
97958,"3"
37640,"3"
109095,"3"
67527,"3"
77345,"3"
61554,"3"
140989,"3"
52531,"4"
71590,"6"
52136,"7"
128859,"3"
114611,"5"
123868,"3"
41937,"3"
97051,"4"
88361,"3"
41031,"3"
122546,"7"
132534,"3"
99242,"5"
78424,"5"
51322,"6"
89415,"5"
46149,"3"
32015,"4"
104013,"4"
117135,"8"
125195,"8"
81577,"4"
118325,"4"
101762,"3"
30504,"5"
48484,"3"
64891,"3"
59427,"4"
80600,"4"
54605,"3"
71353,"8"
109547,"3"
111489,"7"
45484,"3"
142594,"4"
118164,"6"
85734,"3"
85264,"4"
56991,"3"
137559,"5"
30512,"6"
49138,"3"
38294,"3"
140505,"4"
85953,"3"
32824,"6"
81829,"5"
108411,"8"
143902,"4"
145386,"7"
66731,"4"
53829,"3"
50839,"8"
65773,"3"
61180,"4"
124676,"3"
47433,"3"
87605,"3"
139579,"3"
83715,"7"
140075,"4"
131773,"3"
67271,"3"
113262,"4"
37823,"3"
84904,"3"
133184,"3"
50602,"3"
38156,"3"
130503,"3"
139006,"8"
60179,"3"
93026,"3"
65871,"5"
63367,"3"
122854,"5"
70704,"3"
67146,"8"
88114,"3"
145274,"3"
85465,"8"
62109,"5"
36039,"3"
54463,"6"
54444,"4"
77729,"4"
145912,"3"
54327,"7"
85249,"3"
102115,"3"
97453,"3"
54260,"3"
125710,"3"
125873,"3"
35375,"4"
97592,"9"
68370,"7"
62837,"3"
91293,"4"
32138,"5"
94298,"8"
127201,"3"
43356,"3"
119124,"3"
47904,"3"
84266,"6"
87419,"3"
143911,"3"
63392,"3"
138123,"5"
113685,"3"
32331,"3"
35116,"3"
66685,"6"
36918,"3"
35823,"6"
76765,"3"
125025,"7"
98258,"6"
74622,"3"
74982,"3"
65738,"6"
130642,"6"
55013,"4"
122884,"3"
143564,"3"
64423,"3"
91559,"4"
112879,"6"
80170,"3"
109549,"3"
39350,"7"
125321,"8"
72228,"4"
109069,"3"
136512,"3"
105326,"3"
80116,"3"
141987,"6"
44862,"3"
88030,"8"
41019,"6"
101721,"3"
82435,"8"
125420,"3"
134040,"6"
102999,"4"
141756,"3"
42156,"4"
133382,"3"
62694,"3"
137341,"3"
100752,"3"
124444,"3"
51583,"4"
135884,"3"
47362,"5"
92336,"3"
92594,"3"
104441,"4"
54278,"5"
64898,"3"
136351,"5"
89272,"3"
47137,"4"
49947,"3"
96731,"3"
90485,"3"
77609,"3"
143825,"5"
104094,"3"
92338,"4"
84008,"5"
107565,"3"
43768,"4"
80603,"3"
94619,"3"
104068,"3"
126030,"3"
98647,"4"
116126,"3"
118871,"4"
104537,"4"
71319,"3"
40242,"8"
60118,"4"
42247,"3"
41752,"6"
102931,"3"
135447,"4"
95160,"4"
54007,"5"
61748,"3"
108332,"7"
104964,"8"
133030,"3"
51523,"3"
115377,"5"
130279,"3"
43959,"3"
115376,"4"
74428,"5"
127453,"3"
53312,"4"
43773,"3"
137658,"4"
142438,"3"
121604,"3"
53442,"3"
53748,"3"
43833,"3"
136388,"5"
97286,"3"
95797,"3"
129361,"3"
85069,"3"
91803,"4"
33446,"6"
82880,"3"
77810,"8"
139494,"3"
128858,"4"
57255,"3"
135227,"3"
38918,"4"
132094,"3"
123744,"3"
55280,"3"
63814,"3"
93964,"3"
38942,"4"
30404,"8"
62906,"3"
117150,"5"
135907,"3"
93279,"6"
105245,"3"
95170,"4"
140317,"3"
51819,"3"
125324,"3"
57586,"3"
108637,"7"
79050,"8"
136970,"3"
121839,"8"
72747,"7"
38268,"3"
109315,"3"
69587,"3"
135504,"5"
75859,"8"
69698,"3"
67738,"3"
109068,"3"
140775,"4"
44366,"3"
64425,"3"
36000,"4"
97720,"4"
70460,"3"
61565,"3"
43501,"6"
137441,"3"
59066,"3"
74989,"3"
49625,"8"
48356,"4"
53482,"8"
56190,"4"
66802,"4"
106002,"3"
95078,"3"
101843,"5"
88575,"3"
144885,"5"
36179,"3"
84009,"5"
70114,"5"
130852,"5"
59008,"6"
56398,"5"
122614,"3"
48955,"5"
61788,"3"
87715,"3"
73077,"3"
78591,"4"
59464,"4"
126254,"3"
102943,"5"
99377,"4"
70318,"8"
129479,"3"
31412,"6"
47031,"7"
34198,"4"
132346,"3"
112091,"4"
35843,"3"
86547,"3"
56153,"3"
143650,"9"
110317,"4"
140671,"3"
34444,"7"
108365,"3"
63601,"4"
67147,"8"
51436,"3"
119215,"4"
77228,"3"
53436,"3"
71547,"3"
75074,"6"
104645,"8"
110391,"3"
67255,"4"
87376,"5"
117270,"3"
46535,"3"
71127,"3"
138729,"3"
39148,"7"
43446,"4"
122375,"5"
66144,"5"
47003,"3"
142803,"5"
90938,"6"
77855,"4"
117093,"4"
119220,"3"
41953,"3"
134204,"3"
60742,"4"
51834,"3"
101491,"8"
72654,"4"
90821,"3"
94479,"3"
119468,"3"
68464,"8"
134320,"5"
114503,"3"
46775,"3"
60003,"4"
44460,"4"
43747,"4"
146914,"8"
68841,"3"
134416,"6"
69295,"6"
60794,"5"
77886,"3"
129482,"3"
132161,"7"
120998,"3"
141760,"6"
40223,"3"
95821,"3"
34505,"3"
38226,"3"
57254,"4"
65099,"3"
146117,"5"
50813,"3"
75372,"4"
112508,"6"
46795,"3"
67941,"3"
97633,"3"
52563,"3"
67093,"7"
140096,"4"
98573,"3"
46777,"4"
37699,"3"
50048,"8"
83075,"8"
79496,"7"
113273,"4"
132115,"3"
119057,"3"
78985,"8"
93240,"3"
142554,"3"
78481,"8"
43018,"3"
76580,"3"
145434,"4"
116753,"5"
80858,"5"
82067,"4"
146331,"3"
73372,"3"
66846,"4"
29730,"8"
96141,"3"
31273,"5"
99273,"5"
46032,"3"
91585,"4"
110040,"3"
82112,"3"
86029,"7"
104821,"5"
108561,"3"
85713,"3"
40365,"3"
118151,"8"
73243,"4"
91239,"3"
52265,"3"
40751,"4"
91294,"3"
41462,"6"
124290,"3"
32033,"3"
61940,"7"
74470,"8"
134245,"3"
49490,"3"
129520,"3"
94679,"4"
134008,"3"
31985,"3"
118209,"5"
128213,"8"
99529,"3"
102128,"5"
105362,"8"
93938,"4"
62062,"7"
82479,"8"
55375,"3"
137435,"3"
85270,"5"
63042,"3"
138060,"3"
98574,"4"
111152,"3"
57181,"3"
78118,"7"
77334,"3"
111841,"3"
99040,"5"
115959,"4"
54516,"3"
50100,"3"
41006,"3"
47399,"3"
67486,"5"
143205,"3"
49922,"7"
52042,"3"
70119,"4"
106632,"3"
52551,"4"
33142,"4"
105340,"3"
62783,"5"
115947,"3"
35010,"3"
71966,"7"
60519,"4"
89709,"8"
79055,"8"
64761,"3"
48011,"3"
38215,"3"
128450,"5"
118856,"4"
79967,"3"
71430,"3"
67275,"3"
48866,"3"
104927,"3"
33615,"6"
107140,"4"
84903,"7"
92793,"3"
31291,"3"
73613,"3"
141035,"3"
89268,"3"
37334,"8"
92040,"3"
100908,"4"
49087,"4"
136021,"3"
120352,"4"
87521,"4"
59557,"3"
106001,"3"
141391,"4"
121513,"7"
127116,"3"
104353,"3"
43080,"5"
59819,"3"
80634,"3"
109595,"3"
93837,"3"
80233,"4"
65289,"3"
38841,"5"
44493,"3"
92728,"4"
63846,"3"
111920,"3"
80720,"8"
73744,"5"
107101,"3"
124838,"4"
71580,"3"
139983,"4"
102899,"3"
89877,"4"
124778,"5"
94033,"8"
51136,"3"
47592,"3"
69500,"4"
96555,"3"
46136,"4"
35141,"8"
65946,"3"
122996,"4"
108537,"4"
135230,"3"
122265,"3"
41709,"3"
90289,"3"
42148,"7"
99380,"4"
43060,"3"
36523,"4"
121832,"7"
84113,"3"
111161,"8"
72213,"3"
122467,"3"
142534,"10"
96875,"3"
40426,"3"
136207,"5"
63938,"9"
56977,"8"
29523,"7"
67441,"3"
76264,"3"
56811,"3"
33494,"3"
132366,"8"
81330,"3"
130873,"5"
125695,"3"
78318,"3"
47873,"8"
73006,"3"
141179,"5"
87187,"3"
113103,"4"
69775,"5"
30437,"3"
125754,"3"
143635,"3"
145807,"3"
40671,"3"
95099,"6"
84822,"4"
53264,"3"
136971,"4"
33742,"6"
36798,"3"
133200,"3"
49108,"4"
123869,"4"
42533,"4"
50089,"3"
146027,"3"
95431,"8"
142498,"4"
114094,"3"
111628,"3"
32307,"5"
136511,"9"
65592,"3"
146455,"4"
34073,"4"
132042,"6"
142630,"3"
49952,"4"
35046,"5"
30733,"3"
58681,"3"
90849,"7"
137841,"4"
76415,"7"
69394,"5"
62902,"3"
121794,"4"
126948,"3"
48416,"8"
140691,"8"
144015,"4"
78559,"3"
112320,"4"
88404,"3"
45203,"4"
61878,"3"
61789,"3"
34219,"3"
118194,"3"
106316,"3"
65542,"3"
86972,"3"
53562,"3"
39868,"3"
112896,"8"
67331,"4"
135565,"4"
113373,"3"
114070,"5"
36052,"3"
41119,"5"
32172,"4"
59690,"3"
37147,"4"
44614,"8"
80763,"4"
88450,"3"
143831,"7"
128723,"7"
143539,"5"
59918,"5"
135813,"3"
137195,"3"
122475,"5"
47017,"3"
34216,"3"
82776,"3"
99591,"3"
57277,"4"
121463,"3"
62114,"3"
96984,"3"
146008,"6"
79804,"3"
43997,"4"
47447,"6"
75798,"3"
58133,"3"
112504,"7"
63027,"3"
55700,"3"
46880,"4"
115048,"7"
71485,"5"
138651,"8"
42686,"3"
121137,"3"
35763,"3"
43508,"4"
81724,"3"
126283,"3"
70247,"3"
69502,"4"
54307,"11"
35910,"4"
56321,"3"
79445,"7"
65974,"4"
63628,"3"
95649,"3"
141164,"3"
126827,"3"
140094,"4"
119695,"4"
143834,"4"
118222,"5"
41232,"3"
111085,"3"
83784,"3"
68248,"3"
74493,"3"
112177,"8"
84605,"3"
110243,"25"
140631,"3"
85041,"3"
57054,"6"
124845,"3"
123669,"3"
90699,"4"
74621,"3"
55729,"3"
38364,"3"
74860,"3"
82648,"4"
80226,"4"
91193,"3"
87415,"4"
131814,"3"
63718,"4"
71661,"5"
37240,"3"
137067,"4"
60018,"3"
47267,"5"
145045,"6"
38139,"3"
35677,"3"
125410,"5"
103475,"5"
59846,"4"
97145,"3"
89266,"7"
32379,"3"
77818,"8"
89502,"3"
63133,"3"
60265,"6"
117528,"3"
95363,"7"
81853,"3"
37137,"5"
82618,"3"
94527,"3"
62862,"3"
80225,"3"
79881,"3"
73579,"3"
48764,"8"
80630,"4"
67004,"3"
51473,"3"
144772,"4"
107018,"3"
97083,"5"
41538,"3"
143634,"3"
108503,"5"
86224,"3"
75602,"3"
54766,"3"
68383,"8"
75210,"6"
143507,"4"
77683,"3"
143315,"5"
130847,"8"
44794,"4"
37362,"10"
77541,"3"
62102,"3"
63719,"3"
58347,"5"
140607,"3"
146183,"3"
141137,"3"
89260,"4"
89196,"6"
63911,"3"
34170,"3"
130437,"3"
137962,"5"
94842,"3"
71480,"4"
58141,"4"
52324,"3"
91828,"8"
138460,"3"
122145,"4"
41657,"3"
136774,"8"
51445,"3"
80988,"4"
62288,"3"
113375,"3"
90395,"3"
132880,"3"
88970,"3"
106867,"8"
128600,"3"
142493,"3"
56359,"7"
64673,"3"
140600,"5"
54921,"4"
34850,"3"
76289,"3"
88346,"7"
41465,"3"
47851,"6"
34916,"3"
39877,"6"
82244,"7"
71171,"3"
143535,"3"
139084,"6"
70404,"8"
102903,"3"
117844,"3"
39531,"3"
65540,"3"
142044,"3"
112871,"3"
124435,"3"
139722,"4"
95103,"3"
68867,"3"
61581,"8"
53856,"4"
94530,"4"
85236,"3"
74980,"3"
110376,"5"
64875,"8"
122798,"3"
31082,"3"
70557,"3"
49019,"3"
88748,"7"
57578,"5"
72762,"3"
120522,"3"
84588,"4"
60571,"3"
48874,"3"
102221,"3"
55072,"4"
131116,"3"
84267,"6"
45032,"7"
126358,"3"
90051,"3"
112341,"3"
108320,"3"
36075,"3"
58147,"3"
31706,"3"
112982,"4"
83000,"8"
117145,"4"
111631,"3"
71220,"3"
111400,"3"
117044,"3"
92297,"4"
99411,"4"
146989,"7"
107598,"8"
73724,"3"
138971,"6"
46778,"5"
62405,"3"
109015,"5"
61730,"3"
65641,"3"
139633,"3"
129724,"3"
121095,"9"
55289,"3"
107564,"3"
37509,"3"
129211,"3"
128657,"3"
50887,"4"
131744,"3"
109533,"4"
54106,"7"
38656,"3"
62077,"3"
97627,"5"
81553,"3"
37312,"8"
84610,"3"
58109,"5"
124674,"3"
119156,"5"
80938,"3"
117480,"4"
62908,"3"
71579,"3"
76491,"3"
60763,"4"
96180,"8"
66464,"4"
83467,"3"
33834,"3"
133202,"4"
33247,"3"
121421,"5"
63393,"3"
61040,"3"
41695,"3"
78864,"3"
65616,"4"
89049,"3"
122099,"3"
53922,"6"
110550,"3"
50031,"8"
101913,"5"
84978,"7"
51287,"4"
34217,"3"
99674,"3"
34458,"3"
77829,"3"
55347,"4"
139675,"7"
31823,"8"
96663,"3"
125032,"3"
135023,"4"
127987,"3"
70311,"4"
37467,"8"
129594,"3"
92161,"4"
46983,"4"
102523,"3"
136462,"3"
61539,"4"
87489,"3"
106711,"5"
56155,"8"
88142,"3"
137038,"3"
140985,"4"
71008,"3"
130283,"4"
53401,"3"
31073,"5"
75797,"3"
132614,"7"
71326,"5"
96349,"6"
139142,"3"
29955,"5"
119883,"8"
96255,"6"
145725,"5"
75707,"3"
145433,"4"
136243,"3"
38230,"3"
140912,"3"
119092,"4"
144296,"3"
61596,"3"
140476,"3"
88455,"9"
93204,"3"
45348,"3"
92567,"3"
115425,"3"
88799,"3"
69630,"3"
67003,"3"
145044,"6"
82396,"5"
51446,"6"
59571,"3"
145660,"4"
41661,"3"
64834,"4"
125889,"7"
57632,"3"
142639,"3"
35694,"3"
65474,"3"
133032,"4"
72640,"4"
37167,"8"
46876,"3"
125641,"4"
41635,"3"
83464,"3"
104300,"3"
60834,"3"
88076,"3"
132872,"4"
71670,"8"
35258,"3"
73226,"6"
98626,"3"
49525,"4"
86641,"3"
48524,"3"
83277,"8"
84227,"4"
140550,"4"
143750,"4"
141498,"5"
113293,"6"
53394,"7"
95881,"3"
110702,"4"
119269,"3"
86078,"4"
60664,"5"
73781,"3"
46881,"3"
58007,"3"
58880,"5"
80298,"4"
43735,"3"
65801,"6"
127986,"3"
35385,"5"
106458,"3"
31720,"8"
64427,"3"
128332,"3"
62324,"3"
62022,"3"
129279,"4"
117144,"3"
65264,"3"
129720,"3"
140905,"7"
63041,"3"
68716,"3"
44620,"5"
89762,"3"
121514,"10"
90599,"3"
46530,"4"
110224,"4"
135364,"8"
82757,"3"
116755,"3"
60821,"4"
59604,"3"
62189,"5"
62242,"4"
38949,"3"
94458,"4"
74752,"3"
42627,"3"
105891,"4"
75881,"8"
80470,"3"
118414,"3"
109957,"3"
83029,"3"
34402,"3"
51398,"3"
78560,"3"
146759,"3"
29569,"6"
107621,"3"
30846,"3"
144010,"5"
96110,"7"
107434,"3"
128280,"8"
124626,"3"
44107,"3"
123419,"5"
70472,"3"
88924,"3"
39963,"3"
112895,"8"
99604,"3"
110178,"3"
49785,"3"
38739,"4"
84832,"4"
118572,"4"
94487,"7"
60020,"8"
129558,"3"
137958,"4"
122615,"3"
124409,"3"
120278,"3"
61413,"3"
69099,"3"
120583,"3"
118052,"5"
72683,"8"
89722,"4"
106978,"4"
32552,"3"
81791,"3"
38668,"3"
145299,"3"
122659,"3"
123111,"3"
36208,"4"
111341,"3"
72796,"3"
119935,"3"
61429,"3"
109111,"3"
75590,"3"
42440,"3"
143795,"4"
76020,"5"
102417,"7"
114291,"4"
124910,"7"
93165,"3"
124625,"3"
143878,"7"
125749,"4"
139904,"4"
114623,"3"
64906,"5"
126417,"6"
54135,"7"
108140,"3"
62010,"3"
81074,"3"
110033,"6"
134403,"3"
115110,"3"
131134,"3"
98291,"4"
102863,"3"
71461,"3"
37698,"3"
111153,"3"
52846,"3"
146330,"4"
92481,"3"
93831,"7"
59745,"3"
33440,"3"
133231,"3"
75706,"3"
80936,"3"
133091,"6"
54674,"4"
73292,"8"
100885,"3"
54342,"7"
37898,"3"
68562,"8"
66015,"4"
69793,"3"
53512,"3"
142994,"4"
125373,"3"
41397,"3"
70785,"3"
46537,"3"
86216,"3"
111065,"3"
59401,"3"
146856,"3"
50029,"8"
143021,"3"
71175,"3"
91860,"3"
73809,"3"
40750,"4"
65141,"3"
51401,"3"
56098,"3"
96956,"3"
40183,"3"
106618,"3"
128748,"3"
46341,"8"
58821,"3"
121314,"3"
104738,"3"
73523,"3"
146145,"3"
31436,"4"
129911,"4"
124646,"4"
41643,"4"
49305,"3"
52472,"5"
143949,"3"
66167,"5"
62211,"3"
122284,"6"
63832,"4"
113259,"3"
87307,"4"
48512,"3"
57349,"3"
77492,"3"
38728,"5"
59245,"4"
56049,"3"
35260,"3"
42811,"3"
100531,"3"
98288,"3"
130091,"8"
129975,"4"
125429,"5"
41967,"4"
66168,"4"
139088,"3"
75073,"7"
90643,"8"
84166,"3"
43891,"3"
87562,"3"
65335,"3"
89106,"3"
92768,"3"
89868,"3"
111103,"3"
131950,"3"
94881,"8"
52961,"4"
118102,"3"
73093,"3"
36999,"8"
142725,"3"
131994,"3"
116533,"6"
94117,"3"
106096,"5"
145146,"4"
46984,"3"
31874,"5"
112778,"3"
146355,"3"
88978,"4"
59259,"3"
88171,"3"
32821,"3"
39612,"4"
145172,"3"
129647,"3"
86712,"3"
133329,"3"
97525,"3"
41753,"3"
37470,"3"
143912,"3"
101365,"3"
33843,"3"
77695,"4"
71264,"3"
146107,"3"
105907,"6"
89259,"4"
73386,"3"
120521,"4"
36567,"3"
41387,"3"
35236,"6"
89724,"3"
89796,"3"
110569,"3"
72206,"4"
42234,"4"
40264,"6"
64157,"3"
45614,"3"
137055,"6"
59463,"3"
35287,"3"
63907,"3"
128218,"3"
137982,"8"
34395,"4"
103959,"3"
49104,"6"
105189,"5"
59424,"3"
125687,"3"
118138,"6"
65176,"8"
142975,"4"
88516,"3"
109014,"3"
37641,"3"
143995,"3"
78718,"8"
115385,"8"
87795,"3"
78451,"8"
76107,"3"
102314,"3"
44970,"3"
143456,"3"
40240,"3"
96781,"3"
74356,"3"
132095,"3"
101382,"6"
67387,"3"
79786,"3"
75221,"3"
124926,"5"
132012,"3"
63671,"3"
113835,"7"
45503,"5"
111021,"3"
136775,"3"
77490,"8"
86650,"6"
70821,"8"
98986,"5"
141849,"3"
130697,"7"
120907,"3"
47888,"5"
51543,"3"
86681,"3"
62615,"3"
82115,"3"
48372,"3"
56585,"3"
132650,"5"
56933,"3"
35153,"3"
56347,"5"
70319,"17"
34400,"3"
121357,"3"
78430,"4"
84306,"3"
87863,"4"
37614,"8"
82685,"3"
38959,"4"
89930,"3"
109778,"3"
90609,"5"
110715,"3"
35619,"3"
102158,"3"
61491,"3"
126377,"3"
70047,"4"
91783,"5"
66107,"6"
75919,"3"
112650,"8"
109329,"3"
62378,"8"
135373,"3"
34457,"4"
93791,"3"
135035,"8"
34089,"3"
91980,"3"
84757,"4"
130399,"3"
71683,"3"
126547,"4"
44087,"3"
58800,"4"
85282,"4"
139789,"3"
58391,"3"
100001,"3"
115880,"5"
108439,"3"
30133,"8"
101245,"3"
78194,"3"
93213,"5"
52967,"4"
93853,"6"
46061,"3"
81093,"4"
58516,"3"
33125,"5"
124434,"3"
93004,"5"
58501,"3"
145637,"3"
66821,"8"
113030,"3"
117591,"4"
130023,"3"
35389,"3"
86682,"3"
75558,"3"
83401,"8"
138681,"3"
62989,"3"
141380,"3"
89800,"3"
94014,"3"
44346,"3"
46985,"3"
49946,"7"
138469,"3"
138154,"5"
134428,"3"
53679,"3"
44730,"4"
97880,"6"
87355,"3"
120374,"3"
143336,"3"
45842,"6"
31184,"3"
76666,"3"
59292,"3"
117787,"3"
111571,"3"
122073,"4"
46291,"3"
96536,"5"
105001,"4"
130144,"3"
102900,"3"
55832,"3"
135911,"5"
75883,"7"
82605,"8"
104754,"5"
43041,"9"
78677,"4"
34971,"4"
87248,"7"
102463,"3"
58679,"3"
110076,"6"
105831,"5"
87796,"3"
102942,"44"
142775,"3"
47586,"3"
100729,"3"
70096,"3"
141343,"3"
45930,"3"
127095,"3"
33245,"3"
101296,"3"
87231,"4"
104361,"3"
142203,"3"
113398,"3"
31311,"4"
67699,"6"
128798,"3"
36138,"3"
81462,"3"
55189,"5"
100293,"3"
78255,"6"
60501,"3"
74371,"3"
83326,"3"
33562,"3"
106199,"8"
68375,"6"
146882,"4"
126240,"3"
53963,"7"
49107,"4"
32579,"4"
130046,"7"
135852,"5"
80729,"4"
47594,"4"
102104,"3"
87348,"7"
130412,"3"
69589,"3"
62021,"3"
137240,"3"
38929,"8"
122079,"3"
123948,"3"
32781,"3"
87567,"6"
45936,"6"
111030,"4"
142519,"6"
62094,"4"
78480,"8"
143203,"4"
53371,"3"
128479,"4"
42765,"8"
78021,"3"
34041,"3"
146275,"4"
118990,"8"
68212,"3"
59818,"3"
109753,"4"
42426,"4"
46139,"5"
105944,"5"
98015,"4"
43254,"3"
49535,"8"
66735,"7"
81443,"3"
79252,"4"
101682,"8"
47891,"6"
39411,"3"
56908,"3"
52640,"3"
103214,"5"
75702,"5"
50688,"3"
38269,"3"
75871,"6"
135883,"4"
83714,"9"
113020,"3"
137799,"3"
109477,"8"
129604,"7"
112725,"3"
38738,"3"
104479,"3"
108663,"3"
128557,"3"
108803,"3"
128126,"3"
46435,"3"
123795,"3"
87234,"3"
107539,"4"
69249,"3"
80534,"4"
54842,"5"
122417,"3"
74020,"4"
37357,"3"
134041,"3"
59229,"3"
71367,"4"
127389,"4"
124890,"3"
126483,"3"
86376,"3"
92757,"3"
44118,"10"
140743,"4"
91024,"3"
56461,"3"
98400,"3"
106692,"3"
80469,"3"
72211,"3"
67455,"4"
134702,"3"
102183,"3"
61245,"4"
88588,"4"
128502,"3"
52016,"4"
53255,"3"
131717,"7"
39140,"3"
81576,"4"
126869,"3"
77352,"6"
44915,"3"
77987,"3"
131077,"4"
76285,"3"
119532,"4"
91781,"4"
32575,"4"
103924,"7"
56745,"3"
45040,"12"
82938,"5"
60796,"3"
131380,"3"
99002,"3"
57163,"4"
77692,"4"
127388,"5"
50703,"4"
81520,"4"
66378,"4"
45074,"4"
68355,"5"
72830,"3"
91017,"3"
31684,"3"
74213,"7"
127640,"7"
116358,"8"
31014,"3"
82107,"4"
117864,"3"
114771,"6"
124769,"8"
124871,"4"
61295,"3"
108372,"3"
98934,"3"
56631,"8"
59131,"5"
71550,"3"
102780,"3"
92345,"3"
87418,"3"
40892,"3"
54319,"3"
145776,"5"
137729,"7"
79687,"3"
47918,"3"
46792,"3"
44562,"3"
40218,"3"
140690,"8"
143088,"6"
137765,"8"
82771,"8"
99413,"4"
124311,"8"
119891,"3"
43205,"3"
107921,"7"
128570,"3"
109285,"3"
84304,"4"
94541,"3"
114547,"3"
97450,"3"
51433,"3"
117346,"6"
108821,"5"
46265,"5"
38239,"3"
61931,"3"
97334,"8"
71309,"3"
82844,"8"
71855,"8"
57643,"8"
143676,"3"
110402,"3"
75154,"3"
50797,"3"
109478,"8"
145371,"3"
143681,"3"
91021,"3"
39503,"3"
125711,"3"
74261,"3"
97714,"3"
97006,"5"
62101,"3"
112357,"3"
38943,"3"
69725,"8"
55307,"4"
113159,"4"
101267,"8"
87191,"3"
97634,"3"
131144,"4"
77713,"4"
46667,"6"
84305,"4"
88519,"4"
113163,"4"
64883,"8"
37700,"4"
80935,"4"
110099,"7"
40438,"7"
42236,"4"
88192,"3"
127390,"3"
85387,"6"
139790,"3"
44097,"3"
61766,"3"
114618,"3"
59768,"3"
136113,"4"
34372,"4"
80713,"8"
43071,"3"
101393,"6"
73297,"5"
76353,"3"
94824,"3"
70415,"3"
66366,"7"
128637,"3"
59680,"3"
62838,"5"
124270,"7"
56513,"8"
143369,"8"
141518,"8"
72801,"7"
48807,"3"
80235,"3"
137644,"6"
33042,"4"
101297,"4"
86085,"3"
85724,"3"
55218,"4"
69773,"3"
109016,"3"
111956,"4"
124945,"3"
53560,"3"
59830,"3"
94044,"3"
85129,"4"
60062,"3"
128019,"3"
43010,"3"
30752,"3"
45324,"8"
100530,"5"
145902,"6"
142794,"3"
106130,"3"
84948,"5"
61609,"3"
104802,"5"
71334,"3"
105644,"5"
57601,"8"
70769,"3"
129460,"3"
36065,"7"
134827,"4"
32308,"5"
57017,"3"
107987,"4"
64339,"6"
79880,"3"
72106,"8"
59143,"3"
102640,"6"
133754,"3"
135847,"3"
111254,"4"
67233,"3"
65696,"3"
137844,"5"
133041,"3"
64424,"3"
53987,"3"
58484,"4"
144034,"3"
85688,"5"
55278,"3"
98694,"4"
62190,"8"
111663,"8"
59447,"4"
30079,"4"
133456,"3"
33024,"3"
109826,"3"
120661,"3"
72331,"4"
44353,"8"
106120,"7"
59341,"3"
68200,"3"
62832,"4"
32028,"3"
140097,"4"
135034,"8"
104781,"4"
143565,"3"
133824,"3"
140984,"7"
109097,"3"
40179,"4"
137495,"6"
57076,"3"
96101,"3"
118196,"3"
79912,"7"
41573,"3"
79929,"5"
125338,"3"
35088,"3"
50832,"3"
114069,"4"
59246,"3"
106555,"3"
134766,"3"
131949,"3"
146542,"3"
99609,"3"
92917,"3"
44611,"3"
60021,"8"
71111,"3"
70208,"4"
67340,"5"
49070,"5"
120864,"5"
138667,"7"
142521,"3"
53395,"7"
61384,"8"
59956,"3"
104602,"3"
85268,"7"
105601,"6"
89312,"6"
80386,"3"
92176,"7"
74008,"5"
30681,"3"
136326,"6"
119751,"5"
88449,"3"
85605,"8"
118438,"8"
136682,"3"
48136,"3"
132049,"4"
113575,"3"
101436,"6"
47579,"3"
96408,"4"
46766,"3"
80537,"5"
111704,"4"
66492,"3"
108540,"5"
62928,"3"
146454,"3"
82347,"4"
58589,"3"
94659,"3"
112738,"3"
127147,"8"
95707,"3"
70390,"4"
122144,"3"
82434,"8"
67672,"3"
102638,"6"
124818,"4"
52417,"4"
116963,"4"
103366,"4"
31563,"4"
123944,"4"
104362,"3"
33804,"6"
102444,"4"
126259,"7"
115268,"3"
34710,"3"
125967,"3"
66459,"3"
115130,"3"
62356,"4"
50208,"6"
51051,"8"
56172,"4"
67007,"8"
146463,"3"
118182,"3"
84300,"5"
73418,"8"
91951,"8"
37307,"4"
108687,"6"
119414,"3"
77330,"3"
66195,"3"
32888,"3"
114784,"4"
60643,"3"
41541,"3"
75153,"3"
30802,"3"
60634,"3"
96760,"3"
66530,"3"
43091,"3"
77773,"4"
128214,"7"
94531,"4"
128187,"3"
62127,"4"
52979,"5"
126561,"3"
77207,"5"
57391,"8"
36897,"3"
172459,"3"
172316,"3"
152472,"3"
152273,"6"
174267,"3"
159303,"3"
162713,"7"
173194,"4"
157501,"3"
157609,"3"
150452,"6"
163809,"3"
151120,"4"
176901,"3"
151277,"8"
155358,"4"
173980,"3"
179166,"6"
172112,"3"
169553,"5"
156653,"3"
173334,"3"
169319,"3"
161638,"3"
174342,"4"
163972,"3"
159249,"3"
174553,"3"
176987,"7"
168524,"3"
148162,"3"
175910,"3"
147734,"3"
162769,"3"
179403,"3"
147760,"3"
169431,"8"
155810,"3"
161457,"4"
151404,"3"
175794,"4"
154971,"3"
172418,"4"
154747,"4"
155575,"4"
160464,"3"
168043,"12"
167353,"3"
171963,"9"
155445,"5"
179111,"3"
158932,"3"
154183,"6"
177570,"3"
167449,"3"
169817,"3"
176487,"8"
148392,"8"
148972,"4"
178625,"4"
159752,"3"
172312,"3"
175849,"8"
173697,"6"
154093,"3"
151370,"6"
168866,"3"
148191,"3"
153817,"3"
165208,"5"
169704,"4"
170455,"4"
152475,"7"
151899,"3"
173944,"3"
171869,"7"
174494,"3"
171792,"3"
154332,"3"
177609,"7"
169572,"8"
160274,"6"
159748,"3"
154800,"4"
151634,"8"
152764,"3"
164714,"3"
179851,"5"
149300,"3"
163853,"3"
171688,"3"
153669,"3"
164012,"3"
152584,"6"
165501,"3"
169188,"3"
172145,"8"
168260,"3"
164366,"3"
179544,"6"
175915,"8"
169114,"3"
153380,"8"
165070,"6"
180114,"7"
158428,"4"
173081,"6"
168223,"3"
156340,"8"
167153,"3"
152176,"4"
156212,"4"
177021,"3"
178998,"6"
167675,"3"
153337,"3"
174468,"3"
153074,"8"
175930,"3"
165819,"3"
148618,"5"
167179,"6"
149258,"6"
165151,"3"
177283,"4"
175375,"7"
156099,"3"
153750,"3"
179850,"4"
171036,"3"
171191,"3"
173708,"5"
168981,"4"
173187,"7"
163066,"7"
165773,"7"
161731,"3"
164680,"3"
165334,"3"
152975,"3"
171291,"4"
179861,"3"
155693,"3"
151437,"7"
151092,"3"
154847,"7"
152343,"5"
152444,"3"
165071,"5"
158617,"3"
155902,"4"
175100,"4"
170363,"3"
155543,"3"
152976,"3"
158455,"3"
162138,"3"
162146,"3"
179474,"4"
167346,"3"
156488,"3"
160866,"6"
162696,"6"
179524,"3"
159092,"3"
171179,"4"
174365,"3"
166951,"3"
170742,"4"
175786,"3"
158896,"3"
178577,"3"
154947,"3"
177316,"3"
169320,"4"
177094,"4"
157998,"3"
151363,"3"
161402,"3"
172642,"3"
147966,"6"
179394,"3"
163067,"6"
177781,"6"
174570,"5"
159602,"3"
167867,"3"
180092,"3"
179135,"3"
175770,"3"
156587,"3"
176119,"5"
168999,"3"
161201,"7"
166079,"6"
165483,"7"
177680,"3"
173013,"3"
173186,"3"
180043,"3"
169821,"3"
161496,"3"
169964,"5"
164853,"3"
156072,"4"
173012,"3"
159186,"3"
165752,"5"
154036,"3"
148316,"5"
162975,"5"
173857,"3"
159566,"5"
166674,"3"
157712,"3"
150542,"3"
153595,"3"
163768,"3"
158262,"6"
159399,"7"
148280,"8"
159667,"3"
167781,"3"
161601,"6"
161894,"3"
159640,"4"
173764,"3"
149216,"3"
172087,"3"
179551,"3"
170651,"3"
173836,"3"
168552,"3"
168867,"3"
165932,"6"
175728,"8"
160333,"3"
149288,"3"
166945,"3"
152482,"4"
158681,"3"
170457,"8"
148170,"3"
165264,"3"
147902,"4"
176086,"7"
155056,"3"
147949,"6"
148317,"5"
173109,"3"
152916,"3"
148524,"4"
161155,"3"
154130,"8"
163767,"3"
168957,"4"
165983,"4"
151652,"4"
159400,"8"
178196,"3"
168761,"6"
167977,"8"
172194,"4"
165982,"4"
171867,"8"
167590,"3"
160510,"3"
177200,"4"
154957,"3"
151976,"3"
151811,"3"
167961,"3"
156971,"3"
179591,"3"
175964,"7"
172918,"3"
147924,"3"
175089,"3"
158530,"3"
156812,"8"
164959,"3"
163190,"3"
178831,"6"
159312,"4"
168626,"4"
172495,"6"
171051,"3"
170827,"6"
151097,"3"
148805,"3"
159480,"8"
178117,"4"
177779,"3"
168762,"6"
174606,"4"
157258,"4"
148898,"3"
158384,"3"
154373,"4"
154559,"3"
156106,"3"
172576,"5"
170349,"3"
166728,"4"
164561,"3"
177008,"16"
173203,"3"
174558,"3"
157309,"3"
162179,"3"
180014,"3"
171891,"3"
176930,"3"
156966,"3"
173242,"7"
147965,"3"
154405,"3"
155622,"3"
159709,"3"
172327,"3"
163216,"6"
161758,"3"
149659,"3"
157802,"3"
150067,"3"
158059,"3"
153742,"8"
172065,"3"
148482,"7"
171147,"4"
166363,"5"
156516,"4"
151778,"6"
160337,"3"
162280,"3"
157736,"7"
177406,"3"
156355,"5"
160306,"6"
180094,"5"
162703,"6"
161697,"8"
159219,"5"
148144,"4"
175725,"3"
155383,"3"
156808,"3"
175875,"8"
156567,"3"
167780,"3"
161591,"3"
166852,"4"
161143,"3"
172756,"4"
176816,"8"
172508,"4"
155906,"8"
163676,"3"
173019,"3"
160428,"4"
172867,"4"
162181,"3"
165459,"3"
179836,"8"
151721,"6"
164685,"8"
151335,"5"
157425,"4"
150509,"3"
170503,"3"
148489,"3"
165504,"3"
167034,"4"
169591,"3"
163262,"4"
155094,"3"
164782,"3"
176187,"5"
147612,"5"
171596,"3"
166718,"3"
173776,"5"
174654,"3"
177081,"3"
172092,"7"
174636,"4"
169806,"4"
156549,"3"
151893,"8"
159218,"4"
159120,"4"
177656,"3"
152443,"3"
149308,"3"
178453,"3"
153160,"4"
166657,"7"
172282,"3"
157578,"5"
162911,"3"
164486,"4"
160600,"5"
158405,"3"
171538,"3"
148384,"5"
157670,"3"
173798,"3"
148576,"5"
171582,"4"
162495,"3"
178871,"3"
153278,"3"
147893,"3"
157363,"4"
147470,"3"
174832,"3"
162716,"6"
165091,"3"
163077,"4"
156948,"3"
173881,"7"
158117,"4"
178651,"3"
174501,"6"
174903,"3"
161893,"4"
152809,"3"
152728,"3"
152344,"5"
175090,"3"
149286,"4"
175376,"6"
169391,"3"
172214,"4"
173135,"3"
176079,"8"
179330,"6"
175593,"4"
161391,"8"
163427,"3"
165093,"4"
164378,"5"
170683,"3"
165808,"4"
172986,"8"
177719,"3"
169471,"3"
153824,"4"
166585,"3"
160161,"3"
170382,"3"
173556,"4"
172713,"3"
162708,"8"
169715,"3"
172958,"4"
160357,"4"
167467,"3"
148415,"3"
164758,"3"
151568,"3"
177199,"3"
164690,"3"
164455,"3"
162323,"3"
156063,"3"
153039,"3"
159478,"3"
154943,"3"
153901,"3"
148774,"3"
153857,"5"
149584,"4"
162229,"6"
156859,"3"
157320,"5"
151271,"3"
167137,"7"
154746,"4"
169120,"4"
174795,"3"
178716,"8"
176084,"8"
165145,"3"
178789,"3"
178057,"3"
168978,"3"
149023,"3"
160581,"6"
153743,"8"
163689,"5"
153668,"3"
173645,"3"
155371,"4"
156684,"3"
152590,"5"
174086,"8"
149773,"3"
164239,"4"
174978,"5"
172333,"4"
158513,"4"
163720,"7"
170327,"8"
153382,"8"
166362,"4"
160183,"3"
174340,"4"
157133,"3"
168344,"5"
155365,"3"
153779,"6"
165267,"7"
165072,"6"
170564,"9"
161524,"3"
150407,"8"
161555,"3"
152387,"3"
173184,"4"
159415,"3"
173185,"3"
172802,"8"
168781,"3"
175143,"3"
172039,"8"
179649,"4"
174032,"8"
153593,"4"
171567,"4"
152356,"3"
164451,"3"
180065,"3"
151407,"3"
177407,"3"
150934,"3"
151132,"3"
160200,"3"
152555,"3"
179598,"4"
158958,"3"
179810,"3"
164211,"3"
158305,"3"
163248,"3"
162881,"3"
166589,"3"
177912,"3"
163091,"3"
173989,"3"
152750,"3"
176445,"3"
171117,"6"
159081,"3"
162670,"4"
172810,"5"
148507,"3"
152458,"3"
159224,"5"
153516,"3"
177766,"3"
169439,"6"
176814,"8"
152664,"3"
156073,"3"
169046,"3"
149837,"3"
167979,"3"
150833,"3"
152857,"3"
150134,"3"
155038,"8"
175827,"3"
179246,"3"
166803,"6"
158069,"3"
168794,"3"
150916,"3"
168323,"3"
173960,"7"
161401,"5"
159929,"3"
151345,"3"
169164,"12"
152024,"4"
169020,"3"
172510,"3"
164353,"3"
158372,"8"
157962,"3"
178121,"16"
148746,"3"
176428,"3"
151779,"5"
149394,"6"
161361,"7"
179357,"3"
162484,"8"
152665,"3"
178969,"3"
151099,"3"
154288,"3"
175805,"3"
163160,"6"
164584,"4"
151524,"3"
152157,"4"
169186,"3"
150418,"3"
162376,"6"
154615,"4"
159572,"3"
169879,"4"
155834,"6"
158496,"3"
168506,"3"
159441,"4"
157413,"4"
174568,"8"
169703,"3"
168504,"5"
155604,"3"
156806,"3"
147863,"4"
163398,"3"
148464,"3"
160793,"4"
156807,"8"
151301,"4"
157423,"8"
153929,"8"
167984,"4"
154754,"3"
160964,"5"
178106,"3"
164881,"4"
150002,"4"
177260,"3"
161448,"8"
169455,"8"
180219,"4"
165571,"3"
152436,"4"
173867,"3"
179509,"4"
171610,"8"
162709,"8"
168150,"5"
168659,"6"
161784,"8"
167238,"4"
166983,"8"
169698,"3"
170825,"3"
159540,"3"
171592,"5"
149774,"3"
177432,"4"
156554,"3"
174343,"3"
152869,"3"
166895,"3"
169551,"4"
175602,"4"
166668,"3"
148617,"4"
170868,"4"
151159,"3"
153388,"3"
159345,"4"
175214,"4"
169756,"4"
152773,"3"
166309,"5"
160094,"3"
159035,"6"
165954,"3"
175187,"8"
176113,"3"
168112,"3"
156062,"3"
177725,"3"
162610,"3"
149285,"4"
179526,"3"
168202,"3"
156709,"4"
171612,"8"
177803,"4"
178412,"5"
157575,"5"
149631,"6"
179762,"3"
180037,"3"
153234,"5"
159651,"8"
168201,"4"
157547,"4"
178648,"5"
169984,"3"
156377,"5"
176146,"3"
155255,"5"
175120,"3"
157335,"4"
176112,"3"
172592,"3"
172793,"3"
176966,"6"
168864,"3"
171551,"3"
162503,"6"
178904,"3"
150413,"4"
158957,"3"
151278,"8"
172881,"5"
163901,"3"
170305,"3"
170017,"3"
151987,"3"
148073,"3"
156088,"4"
160507,"3"
165124,"3"
149633,"6"
148483,"3"
153736,"3"
160197,"8"
173593,"3"
159563,"5"
175180,"3"
174941,"3"
154198,"8"
168767,"3"
148210,"3"
176729,"3"
159103,"3"
164062,"3"
151988,"3"
172012,"4"
154076,"3"
170606,"4"
151731,"4"
169092,"5"
159664,"3"
171549,"8"
151907,"3"
158426,"3"
161081,"3"
158679,"3"
175213,"4"
179567,"3"
178269,"5"
165291,"3"
159888,"4"
155723,"4"
165632,"3"
176091,"3"
153389,"6"
172526,"3"
166973,"4"
169432,"8"
171956,"3"
172242,"4"
169075,"3"
47216,"3"
111919,"3"
105179,"3"
138576,"3"
64778,"6"
88927,"6"
47790,"3"
80400,"3"
118095,"3"
74762,"8"
129641,"4"
74715,"7"
115550,"8"
121485,"3"
106566,"3"
108139,"4"
110701,"4"
93542,"6"
100894,"3"
73200,"3"
136209,"3"
118149,"8"
80697,"7"
58881,"4"
96778,"4"
67890,"3"
85195,"3"
76660,"3"
29731,"8"
58493,"3"
32270,"3"
75970,"3"
96549,"3"
107065,"3"
102454,"3"
61270,"3"
120519,"3"
111840,"3"
102135,"3"
101674,"3"
91782,"4"
64439,"3"
50088,"4"
77963,"4"
67234,"8"
137680,"4"
122702,"8"
136610,"3"
36074,"3"
90623,"9"
33771,"3"
84355,"3"
101801,"4"
115430,"4"
115881,"3"
59668,"3"
30845,"4"
31726,"3"
92472,"3"
125683,"3"
63853,"3"
48985,"4"
112788,"3"
95362,"9"
98367,"6"
94844,"4"
121552,"3"
131145,"4"
67070,"3"
41153,"4"
69846,"8"
67731,"3"
139728,"3"
78891,"3"
86556,"5"
113686,"4"
30563,"3"
86407,"3"
45983,"5"
76439,"4"
105264,"3"
56511,"3"
139060,"4"
138748,"8"
95137,"3"
130159,"3"
105406,"3"
48514,"4"
74183,"7"
127150,"6"
96411,"4"
124230,"3"
133494,"3"
105743,"8"
58902,"5"
133031,"3"
74299,"3"
65057,"4"
98388,"3"
95600,"3"
57936,"3"
34384,"3"
118073,"3"
67037,"3"
73039,"3"
118875,"5"
51235,"3"
66214,"5"
63134,"3"
127177,"5"
48698,"3"
67567,"3"
127853,"3"
101294,"3"
39003,"5"
77376,"8"
34275,"3"
92462,"6"
44711,"3"
98728,"27"
31764,"5"
31663,"3"
106689,"3"
115033,"4"
134918,"7"
132358,"3"
91286,"3"
75740,"5"
106896,"3"
62877,"7"
96409,"3"
114184,"4"
49929,"8"
129396,"6"
46447,"4"
71706,"8"
91741,"4"
53751,"6"
62527,"9"
41786,"3"
128372,"3"
105335,"4"
89366,"3"
51125,"3"
84097,"6"
33127,"7"
89561,"4"
122425,"3"
48996,"3"
97335,"8"
52758,"8"
90427,"3"
124951,"3"
97640,"3"
83417,"4"
79498,"5"
104181,"8"
75040,"3"
43090,"3"
120158,"3"
108857,"5"
40005,"3"
87430,"3"
34586,"4"
32621,"5"
137481,"5"
48337,"4"
121138,"4"
70265,"3"
109318,"3"
68645,"5"
58186,"3"
66660,"4"
71622,"3"
41274,"7"
83568,"3"
127094,"5"
85987,"4"
95633,"4"
136056,"3"
134764,"3"
81825,"3"
53788,"4"
135566,"5"
53330,"7"
86797,"3"
68202,"8"
87096,"3"
105373,"3"
84290,"5"
134410,"3"
47509,"5"
52611,"3"
90716,"3"
43862,"4"
93830,"7"
140585,"3"
60284,"3"
43888,"6"
82482,"6"
95289,"3"
50687,"3"
122997,"5"
87822,"3"
44761,"8"
45637,"3"
85653,"4"
63026,"3"
81001,"3"
68001,"3"
114593,"3"
75514,"6"
36852,"4"
43769,"4"
101606,"3"
80393,"3"
107013,"4"
80177,"4"
51201,"5"
62859,"5"
110799,"4"
93829,"3"
103356,"4"
64777,"4"
110800,"4"
109684,"8"
118291,"3"
119420,"6"
130365,"5"
87705,"4"
53523,"3"
59973,"3"
127191,"3"
113143,"7"
35398,"4"
118804,"8"
78781,"6"
69253,"4"
111915,"3"
135714,"4"
127854,"3"
103463,"3"
91989,"7"
90735,"6"
90931,"3"
31245,"5"
51041,"6"
124127,"4"
65569,"4"
49949,"4"
117638,"3"
79789,"3"
52564,"4"
113750,"6"
60444,"4"
33464,"4"
71161,"3"
56575,"6"
92486,"4"
54134,"3"
46456,"3"
95984,"3"
78668,"3"
125468,"3"
77138,"3"
136208,"3"
36438,"5"
32309,"5"
84022,"3"
44403,"3"
99138,"7"
108752,"6"
92593,"5"
84098,"5"
51820,"3"
88662,"4"
64553,"8"
111435,"3"
60297,"3"
69207,"3"
133831,"3"
90754,"8"
53171,"3"
91808,"4"
53339,"4"
106198,"8"
88282,"6"
68899,"3"
108949,"3"
139406,"3"
95918,"8"
43489,"5"
56341,"4"
97053,"3"
33233,"3"
64148,"6"
106627,"6"
68520,"3"
121391,"3"
106519,"3"
43445,"4"
95662,"3"
37927,"3"
49730,"3"
111584,"3"
43675,"3"
36716,"3"
84109,"3"
104126,"3"
128595,"4"
140282,"4"
31208,"3"
94769,"3"
61614,"6"
44913,"4"
51409,"3"
71536,"3"
85011,"4"
38930,"7"
109594,"3"
61255,"3"
137252,"3"
41087,"4"
90549,"3"
50179,"3"
79828,"3"
113390,"7"
105908,"6"
78590,"3"
115329,"9"
69687,"4"
48012,"3"
53654,"3"
66958,"9"
129940,"4"
140518,"8"
60986,"3"
103552,"3"
46689,"3"
132733,"4"
63732,"3"
95843,"3"
137006,"4"
66166,"4"
92764,"4"
106991,"6"
101298,"3"
39288,"4"
67282,"3"
115211,"8"
82968,"7"
114606,"7"
82111,"3"
84896,"3"
93044,"5"
135512,"5"
132918,"3"
46458,"3"
50110,"3"
34370,"6"
42729,"5"
33190,"4"
39109,"5"
35658,"4"
78957,"3"
58425,"3"
121580,"5"
46614,"3"
90561,"5"
39263,"5"
129281,"3"
32928,"3"
101295,"4"
56819,"4"
52678,"4"
55012,"7"
61682,"4"
106677,"4"
118290,"4"
36796,"4"
54445,"4"
113454,"5"
105727,"3"
51876,"3"
133348,"3"
79870,"5"
46264,"4"
123205,"3"
44579,"3"
101673,"3"
37204,"3"
72752,"3"
68477,"6"
37313,"8"
102920,"3"
82769,"5"
70423,"3"
41200,"3"
131231,"3"
33948,"4"
83071,"4"
74364,"3"
46823,"3"
73105,"3"
99848,"3"
135464,"8"
68488,"3"
72229,"4"
89592,"4"
33477,"3"
62722,"3"
84561,"3"
71527,"3"
115987,"4"
114093,"5"
68178,"3"
42298,"3"
56657,"4"
90178,"3"
59242,"3"
37036,"3"
82165,"8"
40938,"3"
138806,"3"
116752,"3"
84007,"4"
72123,"8"
34072,"4"
117111,"3"
130837,"8"
47063,"4"
113464,"6"
37697,"3"
33902,"3"
68419,"3"
57112,"6"
93526,"3"
139097,"4"
54777,"4"
130803,"3"
63841,"4"
96353,"3"
67966,"8"
86799,"4"
85010,"4"
89638,"7"
43305,"5"
73747,"3"
125026,"8"
114826,"3"
98885,"3"
98977,"7"
71323,"3"
123171,"3"
131587,"3"
51309,"3"
56183,"8"
72005,"3"
137642,"8"
98069,"3"
109469,"4"
90316,"4"
47775,"4"
92978,"3"
130962,"3"
65892,"3"
83543,"6"
132848,"3"
91657,"7"
130980,"4"
72948,"3"
89846,"8"
134456,"5"
97680,"6"
102788,"3"
129432,"3"
73517,"3"
77487,"4"
108371,"4"
137706,"5"
135791,"8"
52724,"3"
41199,"3"
101999,"3"
38328,"3"
83191,"3"
53225,"4"
88225,"8"
87114,"6"
86967,"5"
123942,"3"
29808,"6"
96512,"3"
124101,"3"
84717,"3"
129078,"3"
89429,"4"
31682,"3"
111779,"3"
43294,"3"
79579,"6"
98014,"3"
56597,"3"
78721,"7"
80485,"3"
84902,"9"
33743,"3"
48910,"8"
116104,"5"
36409,"5"
89991,"3"
67436,"3"
132648,"4"
38843,"3"
34443,"7"
78452,"8"
96406,"3"
92833,"7"
133361,"6"
72353,"3"
35753,"4"
115611,"4"
88526,"5"
36499,"3"
40631,"3"
124944,"3"
119106,"5"
65106,"3"
106388,"3"
140396,"3"
136416,"3"
85466,"8"
109529,"4"
62987,"3"
44963,"3"
118937,"3"
71401,"4"
127139,"3"
136041,"3"
94214,"7"
81691,"4"
68877,"3"
114323,"4"
134778,"3"
69075,"3"
66397,"4"
31966,"3"
94015,"3"
113849,"3"
36056,"3"
44302,"3"
60069,"3"
33356,"4"
121116,"3"
68250,"3"
111695,"3"
106909,"3"
89639,"7"
106712,"6"
48639,"4"
116964,"4"
49438,"8"
104380,"3"
59915,"3"
34849,"3"
76346,"5"
139890,"3"
59678,"8"
77803,"3"
87495,"3"
129736,"3"
85515,"4"
98433,"5"
99973,"7"
87895,"4"
64767,"7"
139886,"5"
137641,"8"
140359,"6"
91162,"3"
50028,"7"
53828,"3"
67276,"4"
104555,"4"
50603,"3"
53543,"4"
136065,"3"
59643,"3"
39247,"5"
44076,"3"
42141,"5"
114183,"3"
139266,"3"
95357,"3"
80690,"4"
136194,"3"
136127,"3"
60737,"4"
86828,"3"
100368,"4"
112208,"6"
58802,"3"
136092,"4"
83400,"8"
98504,"3"
107667,"3"
59813,"4"
49478,"3"
66887,"5"
51525,"3"
98630,"6"
51823,"3"
136068,"4"
58455,"4"
50066,"4"
72501,"3"
105918,"3"
115851,"3"
54096,"3"
121675,"6"
111132,"8"
107066,"3"
106351,"8"
66518,"3"
125717,"4"
84579,"3"
116962,"4"
62129,"3"
34972,"3"
48790,"3"
113824,"4"
91196,"9"
79080,"4"
108838,"3"
46252,"3"
29798,"3"
97033,"3"
52130,"3"
32629,"3"
82511,"3"
35052,"3"
106892,"3"
52889,"3"
137007,"3"
134166,"5"
123804,"4"
128797,"3"
136683,"4"
110765,"3"
113130,"6"
103447,"6"
138124,"5"
110842,"3"
79424,"6"
103041,"3"
39360,"3"
90697,"4"
126966,"3"
39707,"3"
47593,"4"
34897,"3"
51733,"3"
55090,"6"
75593,"6"
62888,"4"
68858,"7"
41818,"8"
124058,"3"
36408,"4"
116874,"3"
53050,"3"
123332,"4"
112874,"4"
97997,"3"
41975,"3"
119876,"3"
56632,"7"
122616,"3"
79756,"3"
114209,"6"
85137,"3"
116498,"3"
84140,"3"
103414,"3"
53673,"3"
129369,"4"
47160,"5"
92818,"8"
116647,"3"
52757,"8"
48887,"3"
80257,"4"
61545,"3"
41460,"3"
66056,"5"
121502,"3"
126718,"3"
82837,"3"
92493,"3"
37306,"4"
60570,"3"
93304,"3"
125794,"4"
61552,"3"
83193,"3"
94045,"3"
84238,"3"
64525,"3"
113275,"3"
42607,"3"
118708,"4"
86955,"3"
94406,"3"
99184,"3"
40364,"3"
114698,"5"
64316,"3"
109603,"4"
117973,"3"
79755,"3"
105692,"3"
38948,"4"
47805,"3"
137311,"3"
132275,"3"
110570,"3"
82933,"3"
35931,"9"
43522,"4"
80388,"3"
73181,"4"
46207,"4"
71967,"5"
50501,"3"
91154,"4"
82652,"3"
45984,"5"
41015,"3"
54804,"3"
111703,"3"
77475,"3"
97084,"3"
139687,"6"
100669,"3"
132084,"3"
95665,"8"
58257,"5"
126723,"3"
71984,"6"
90205,"3"
60497,"5"
38096,"3"
117669,"3"
111240,"3"
58334,"9"
74994,"3"
76288,"3"
49076,"3"
71177,"3"
32278,"3"
59206,"3"
126546,"4"
102129,"5"
75799,"3"
107545,"3"
32547,"4"
49548,"3"
81937,"3"
47695,"4"
35447,"3"
112292,"3"
33115,"5"
77491,"8"
122455,"8"
86456,"3"
89285,"3"
81492,"3"
51708,"8"
76745,"5"
108780,"3"
91101,"3"
60590,"3"
56487,"3"
117566,"3"
102637,"6"
70115,"4"
62988,"3"
55488,"6"
103272,"4"
136121,"3"
34760,"3"
93003,"4"
101279,"3"
108081,"3"
138998,"4"
40952,"3"
51838,"4"
32714,"3"
109953,"3"
62861,"3"
106438,"3"
118987,"7"
107974,"7"
87804,"3"
67568,"4"
62632,"3"
105449,"8"
138597,"3"
60371,"3"
65586,"3"
80829,"6"
46156,"3"
121097,"5"
68840,"4"
94404,"3"
46137,"5"
68310,"3"
35246,"3"
48513,"4"
105948,"4"
43040,"8"
93341,"3"
59570,"3"
77639,"6"
105722,"8"
74131,"3"
95302,"3"
65627,"3"
66860,"3"
127011,"3"
70263,"3"
87249,"6"
69517,"3"
31374,"4"
65896,"3"
74822,"6"
71336,"3"
73533,"5"
71221,"3"
126788,"5"
41785,"6"
44824,"3"
135190,"8"
137943,"4"
30668,"5"
67458,"3"
82929,"3"
61241,"5"
139884,"3"
109959,"3"
136645,"8"
83597,"5"
56200,"6"
134639,"3"
57032,"5"
122753,"3"
123539,"3"
35341,"3"
46765,"3"
94825,"3"
104003,"3"
108902,"7"
42730,"3"
31822,"8"
95745,"5"
59226,"3"
50701,"5"
81177,"4"
83469,"3"
80533,"5"
126096,"3"
51408,"5"
98485,"3"
88685,"6"
63670,"3"
79730,"4"
57999,"8"
93771,"3"
56960,"3"
108737,"6"
99410,"3"
58665,"3"
42263,"3"
45277,"3"
90920,"3"
118405,"4"
56437,"7"
47211,"3"
44341,"3"
78365,"6"
132578,"3"
115337,"4"
72684,"6"
108376,"6"
113902,"3"
107553,"3"
34417,"3"
89141,"3"
73213,"3"
81488,"3"
65297,"3"
50065,"3"
56480,"5"
52479,"4"
114605,"8"
73528,"3"
70570,"3"
51389,"4"
122645,"3"
92452,"4"
47141,"6"
112138,"5"
61231,"6"
96620,"3"
71548,"3"
82542,"4"
47093,"3"
75510,"3"
71346,"3"
84052,"8"
95082,"3"
70618,"4"
125339,"3"
111244,"3"
111739,"8"
89168,"3"
90193,"3"
113951,"3"
48336,"3"
133564,"3"
117828,"3"
66059,"3"
38460,"5"
42763,"8"
82433,"8"
41814,"3"
48769,"5"
108304,"6"
57444,"8"
39887,"3"
72935,"3"
84927,"3"
132142,"3"
119847,"3"
46330,"3"
120943,"3"
97463,"3"
136781,"6"
39083,"3"
56878,"3"
122002,"5"
54964,"3"
104442,"3"
129200,"3"
95024,"5"
96212,"4"
53265,"3"
102724,"3"
136206,"3"
96739,"3"
48447,"3"
113806,"8"
129500,"3"
61394,"3"
57090,"3"
131751,"3"
38122,"3"
114603,"3"
47622,"4"
121337,"4"
50166,"3"
110520,"3"
42750,"3"
35257,"3"
96961,"8"
35254,"3"
51400,"3"
84479,"3"
135564,"4"
134458,"5"
49988,"4"
114696,"4"
83782,"3"
47212,"4"
79159,"3"
51127,"4"
107084,"4"
87413,"8"
32302,"5"
110957,"3"
80632,"4"
70482,"8"
88628,"3"
106256,"4"
58392,"6"
132041,"5"
116696,"3"
81440,"3"
86537,"3"
115092,"3"
54186,"3"
43313,"8"
94966,"3"
33234,"3"
137691,"3"
131446,"3"
29606,"3"
90731,"3"
106655,"7"
75178,"3"
120141,"7"
112872,"4"
48672,"3"
69173,"3"
40221,"4"
131527,"3"
60633,"3"
122640,"8"
91398,"7"
85424,"8"
35383,"4"
137142,"3"
50557,"8"
98733,"4"
43485,"3"
133170,"7"
96213,"4"
114477,"4"
117033,"3"
88091,"3"
138605,"5"
74620,"3"
72608,"4"
51831,"4"
91165,"3"
48806,"4"
64414,"5"
82481,"3"
95430,"5"
72748,"8"
110062,"3"
75646,"3"
37801,"3"
93037,"3"
77510,"5"
90349,"3"
137884,"3"
62873,"3"
64408,"7"
42899,"3"
71481,"4"
117601,"4"
80625,"14"
41706,"8"
93895,"6"
65742,"3"
101978,"3"
113082,"8"
30884,"8"
66448,"4"
32541,"3"
138711,"3"
115093,"3"
46536,"3"
87706,"4"
105739,"3"
32152,"4"
109112,"3"
130494,"4"
59917,"8"
92344,"4"
97704,"6"
97939,"3"
57634,"4"
115247,"3"
46279,"3"
124120,"4"
68384,"8"
87850,"4"
61136,"3"
86037,"7"
139736,"3"
42812,"3"
32699,"3"
99131,"3"
44973,"3"
91719,"8"
54385,"6"
102114,"3"
131908,"3"
73997,"7"
42865,"3"
60939,"3"
65646,"4"
129567,"6"
112609,"3"
63031,"4"
115934,"3"
102748,"3"
97628,"4"
81899,"3"
119205,"3"
72432,"5"
49390,"4"
74210,"4"
109873,"8"
38459,"5"
63852,"3"
45982,"5"
123452,"3"
35142,"8"
77238,"3"
62397,"3"
53009,"8"
58547,"3"
73501,"3"
101176,"3"
77677,"5"
65134,"6"
113260,"4"
119524,"3"
63236,"9"
107298,"7"
43150,"3"
81591,"4"
87627,"3"
75882,"8"
125197,"7"
115187,"6"
36229,"3"
137187,"3"
97824,"3"
34899,"8"
99577,"8"
127642,"3"
99526,"3"
32759,"4"
67206,"3"
95706,"4"
74074,"3"
139392,"3"
69957,"3"
77711,"8"
73416,"6"
49512,"3"
130651,"7"
49006,"3"
65220,"3"
96572,"4"
84001,"3"
111596,"6"
127639,"9"
69089,"7"
139893,"3"
99746,"3"
131715,"3"
121172,"3"
38040,"3"
77344,"3"
83661,"7"
118221,"3"
38296,"4"
119223,"3"
44164,"3"
61966,"5"
116179,"4"
96199,"3"
120373,"4"
93028,"3"
106449,"3"
123493,"3"
122990,"9"
38258,"4"
80236,"4"
116514,"3"
134610,"3"
48735,"3"
33806,"6"
101628,"4"
91662,"4"
118988,"3"
88536,"3"
57692,"7"
82843,"8"
42764,"8"
50000,"3"
36589,"8"
94032,"7"
134319,"4"
103577,"3"
118212,"7"
59387,"4"
50070,"8"
42100,"3"
138724,"4"
113322,"3"
55508,"9"
35912,"3"
58268,"4"
113596,"3"
87347,"8"
127162,"3"
126896,"4"
89607,"7"
41638,"3"
96113,"3"
101567,"3"
73813,"3"
41217,"4"
44792,"3"
111460,"6"
124182,"3"
81331,"3"
114269,"3"
133113,"4"
77439,"5"
47644,"5"
74909,"8"
104827,"3"
96497,"3"
62708,"3"
89092,"3"
117479,"4"
62357,"4"
76877,"3"
43674,"3"
122991,"8"
119479,"7"
129442,"6"
86147,"3"
49989,"5"
87290,"3"
118091,"3"
116373,"4"
37818,"3"
75780,"3"
64426,"3"
39950,"3"
87232,"13"
37815,"3"
72227,"4"
29645,"4"
36337,"9"
35261,"3"
63136,"3"
35151,"4"
133005,"3"
87086,"4"
133753,"3"
114427,"3"
50717,"5"
58483,"7"
112959,"7"
139813,"7"
52076,"5"
43980,"3"
140070,"6"
62005,"3"
45187,"3"
135395,"9"
34401,"3"
79665,"3"
58284,"3"
32688,"4"
65295,"6"
43210,"4"
109705,"3"
80187,"6"
35259,"3"
31829,"4"
68623,"4"
86620,"3"
90659,"3"
92162,"5"
134835,"3"
43227,"3"
30907,"7"
95332,"4"
62875,"3"
98198,"3"
38473,"4"
108055,"7"
34832,"3"
83791,"3"
136116,"3"
84739,"5"
70494,"3"
111418,"6"
81882,"4"
113545,"3"
85670,"3"
97144,"3"
133240,"3"
31261,"3"
41406,"7"
30220,"9"
39000,"3"
139860,"3"
31760,"3"
67487,"4"
113479,"3"
52511,"3"
84740,"4"
64643,"5"
43935,"3"
136906,"7"
57132,"3"
59573,"4"
46726,"3"
44634,"4"
95861,"4"
41461,"3"
127148,"8"
59983,"3"
106774,"8"
81252,"5"
104894,"6"
108077,"3"
138725,"3"
93622,"3"
92969,"3"
66020,"4"
61492,"3"
94305,"4"
100918,"3"
118148,"8"
80129,"3"
119246,"6"
105266,"8"
93220,"3"
86667,"3"
31559,"4"
76432,"3"
86327,"4"
96791,"8"
85281,"4"
89653,"5"
131951,"8"
46935,"8"
114548,"8"
117521,"5"
59244,"4"
105830,"5"
128276,"4"
34344,"5"
72268,"6"
119213,"3"
70186,"3"
83292,"3"
67342,"3"
86596,"3"
67729,"8"
92877,"3"
126371,"4"
59885,"4"
52332,"4"
54629,"4"
49135,"4"
44384,"4"
135211,"3"
73433,"4"
84743,"5"
122762,"3"
69208,"4"
117752,"5"
90843,"9"
134966,"7"
127525,"3"
108367,"4"
131244,"4"
35109,"7"
39727,"3"
74802,"3"
74112,"3"
94255,"3"
133439,"3"
44457,"8"
85711,"5"
111070,"4"
134333,"4"
133507,"3"
35023,"3"
45525,"3"
94187,"4"
104591,"3"
43127,"4"
73522,"4"
38816,"3"
61192,"6"
85016,"3"
36077,"3"
73073,"3"
104481,"3"
128870,"3"
62075,"7"
120605,"3"
128008,"3"
31689,"3"
119422,"6"
121183,"3"
76799,"4"
71621,"3"
127898,"3"
125002,"8"
56583,"5"
112399,"3"
64215,"6"
104497,"3"
69684,"7"
113944,"4"
73092,"4"
139976,"3"
83874,"3"
39905,"6"
105190,"3"
70136,"3"
79535,"7"
107905,"6"
41463,"6"
101849,"3"
139259,"4"
36732,"3"
88711,"3"
96600,"6"
92641,"7"
100753,"8"
71133,"3"
94660,"5"
63702,"3"
118477,"3"
89637,"8"
120451,"9"
98629,"7"
106157,"3"
63615,"4"
129280,"3"
67203,"6"
86350,"3"
90254,"3"
33869,"4"
60450,"6"
121612,"3"
31259,"4"
45687,"3"
123004,"4"
122365,"3"
70619,"3"
44616,"5"
130615,"8"
97533,"6"
50599,"4"
89122,"5"
136190,"3"
92997,"3"
38013,"6"
81176,"3"
77193,"7"
110074,"6"
107139,"4"
59243,"4"
132356,"7"
130460,"3"
37453,"3"
114759,"3"
55198,"3"
65981,"3"
72272,"8"
135261,"4"
123509,"3"
89721,"4"
115739,"4"
43672,"3"
35423,"8"
47577,"3"
123794,"3"
129193,"3"
56390,"3"
120753,"3"
85838,"4"
52404,"3"
124768,"8"
83694,"4"
124675,"3"
128249,"5"
120645,"3"
59199,"3"
88749,"6"
57443,"7"
76293,"6"
61195,"4"
84584,"8"
61172,"5"
57533,"5"
90109,"4"
96835,"4"
47930,"3"
110464,"3"
82531,"8"
107567,"3"
46926,"3"
132671,"6"
41864,"4"
48551,"3"
62525,"3"
109808,"3"
89563,"5"
96236,"3"
129382,"3"
122187,"3"
46340,"8"
38066,"7"
74334,"6"
81496,"3"
47054,"3"
73742,"3"
128091,"8"
122712,"4"
58185,"3"
104092,"4"
70627,"3"
84587,"3"
59932,"6"
134415,"5"
30004,"3"
77885,"3"
63251,"5"
82624,"3"
130031,"4"
127542,"4"
62691,"8"
132651,"4"
107985,"3"
84175,"3"
96144,"8"
74174,"3"
59930,"8"
80069,"6"
76290,"3"
45545,"3"
87797,"4"
52971,"4"
38654,"4"
87414,"8"
33481,"5"
39870,"4"
91990,"5"
33633,"3"
80859,"3"
127532,"4"
106861,"3"
69475,"3"
70422,"3"
38614,"3"
75039,"3"
34306,"7"
76826,"6"
45148,"3"
41766,"3"
84844,"3"
73580,"3"
92724,"7"
116921,"3"
137889,"4"
101179,"3"
31180,"3"
100945,"3"
103387,"3"
137640,"8"
103326,"3"
52267,"5"
33000,"4"
92561,"5"
34367,"5"
63241,"8"
49693,"4"
85767,"3"
43253,"3"
124813,"3"
69185,"4"
29743,"3"
37356,"3"
127526,"3"
66327,"3"
125398,"5"
87444,"8"
77489,"8"
52234,"4"
58261,"3"
93715,"3"
80631,"4"
100475,"6"
84257,"3"
45631,"5"
51214,"7"
44473,"3"
121651,"5"
130652,"7"
72330,"3"
79046,"3"
66948,"8"
86215,"4"
72161,"4"
139838,"3"
120563,"3"
69574,"3"
105628,"7"
51126,"3"
86798,"3"
49534,"8"
108770,"3"
68737,"3"
56345,"3"
124628,"3"
140315,"3"
54652,"4"
45518,"4"
29552,"3"
59849,"3"
44621,"4"
41512,"6"
76556,"8"
58805,"3"
69065,"5"
61240,"4"
121050,"3"
101162,"6"
119089,"5"
106739,"3"
105230,"4"
70804,"3"
93650,"5"
48690,"3"
55023,"6"
94823,"3"
102533,"3"
128583,"4"
49611,"3"
55223,"4"
84563,"8"
93140,"3"
60127,"7"
127615,"3"
136437,"4"
126044,"3"
102248,"3"
66583,"3"
115940,"4"
60554,"3"
119082,"3"
107339,"5"
56463,"5"
36535,"5"
52538,"6"
106966,"3"
77703,"4"
48867,"3"
96130,"5"
37674,"4"
57697,"3"
98426,"4"
118163,"6"
104715,"5"
89635,"8"
38997,"3"
108647,"5"
60599,"3"
88080,"3"
128772,"8"
78736,"3"
31625,"8"
102954,"3"
86451,"3"
76561,"3"
58243,"3"
62287,"8"
138082,"7"
76711,"4"
122171,"6"
37300,"4"
71317,"4"
109775,"3"
72521,"3"
73994,"4"
45149,"3"
106874,"3"
35028,"3"
122240,"4"
138879,"3"
84326,"3"
126415,"3"
82166,"8"
122760,"5"
53116,"3"
35376,"3"
60268,"3"
51661,"3"
127896,"4"
53653,"3"
46222,"3"
54360,"4"
119280,"3"
74914,"3"
127454,"5"
70615,"3"
112677,"3"
136595,"4"
130130,"8"
43748,"4"
129640,"3"
41819,"8"
111029,"5"
76552,"3"
131115,"4"
84119,"6"
82299,"3"
131970,"3"
42216,"3"
49648,"3"
111239,"3"
63242,"8"
140501,"3"
44064,"5"
116558,"3"
117318,"3"
111129,"5"
37438,"8"
38026,"5"
100992,"8"
56712,"3"
40406,"3"
47966,"3"
82153,"4"
98855,"3"
129765,"3"
133828,"6"
52293,"3"
52171,"3"
123528,"5"
128302,"3"
132189,"8"
102957,"3"
107842,"7"
119221,"3"
120371,"3"
99869,"5"
48787,"3"
109710,"3"
70606,"4"
73128,"4"
54287,"6"
127092,"5"
49489,"3"
85196,"3"
95529,"7"
108179,"3"
107518,"3"
89591,"3"
117751,"9"
87759,"8"
116230,"6"
34889,"3"
125720,"3"
124029,"5"
89471,"5"
118842,"3"
110097,"3"
67006,"8"
116536,"3"
113184,"4"
98088,"5"
67101,"3"
98375,"3"
73886,"3"
121135,"4"
79729,"4"
67480,"4"
100117,"3"
41358,"3"
98064,"4"
72121,"3"
70784,"3"
129659,"6"
127073,"3"
92461,"4"
78897,"7"
65662,"5"
52970,"3"
137148,"3"
55087,"3"
120660,"3"
44638,"3"
106565,"4"
44382,"6"
33860,"4"
69033,"6"
55834,"3"
127569,"3"
65108,"3"
32034,"3"
84954,"3"
99378,"4"
126097,"4"
73067,"3"
48699,"4"
97911,"5"
88488,"3"
138999,"3"
73178,"3"
65203,"3"
124443,"3"
53541,"3"
132339,"3"
81041,"6"
54757,"7"
133769,"7"
88347,"8"
47376,"6"
67023,"3"
85687,"5"
136871,"4"
49212,"3"
57208,"5"
83188,"6"
45090,"3"
137878,"3"
70304,"4"
102687,"3"
94304,"3"
31125,"3"
96684,"8"
68696,"4"
99108,"6"
56744,"3"
49093,"6"
54210,"3"
85671,"4"
83093,"7"
61530,"8"
88820,"3"
100875,"3"
128851,"3"
93429,"3"
130597,"4"
66928,"3"
132357,"4"
90204,"4"
100919,"6"
88243,"4"
95908,"7"
50980,"3"
138749,"8"
43484,"3"
123723,"3"
84609,"3"
62260,"3"
110274,"6"
43386,"6"
125858,"7"
62590,"4"
118285,"3"
56409,"3"
29901,"4"
137141,"4"
90376,"3"
86483,"3"
62128,"3"
44078,"3"
139117,"3"
61465,"5"
125001,"8"
126737,"3"
108896,"3"
94882,"8"
92811,"3"
51481,"4"
113466,"7"
112880,"6"
85765,"3"
71804,"4"
33764,"7"
69745,"7"
94350,"8"
65665,"5"
79158,"3"
74473,"3"
76022,"5"
115282,"4"
123857,"3"
126422,"3"
112105,"4"
62306,"4"
57841,"7"
120942,"3"
31879,"3"
53289,"3"
128704,"3"
136064,"3"
44438,"3"
106234,"3"
90469,"6"
108438,"10"
87318,"4"
96606,"4"
32143,"3"
97816,"4"
98399,"3"
70184,"3"
57342,"3"
119268,"4"
75591,"3"
54628,"8"
59785,"8"
93961,"8"
42655,"3"
93555,"3"
89449,"3"
118489,"3"
115109,"3"
128703,"3"
50760,"3"
36581,"7"
115878,"3"
76005,"7"
37814,"3"
59985,"3"
102441,"4"
134216,"8"
98732,"3"
87653,"7"
35008,"3"
89636,"8"
83695,"3"
49408,"3"
33846,"3"
44908,"3"
101268,"8"
107147,"8"
126984,"3"
99042,"5"
81874,"3"
65757,"3"
58485,"4"
64488,"3"
41426,"6"
63548,"3"
123336,"3"
61271,"4"
56173,"3"
105829,"3"
48732,"4"
118169,"3"
41108,"3"
97287,"3"
49533,"8"
113777,"3"
73474,"7"
114107,"6"
66379,"4"
66122,"8"
85374,"8"
86062,"4"
31206,"3"
89665,"3"
126011,"3"
121519,"5"
67520,"3"
54187,"3"
36790,"4"
95070,"3"
31687,"6"
126010,"5"
45722,"6"
91285,"3"
80058,"3"
104473,"4"
137088,"3"
45641,"5"
62656,"3"
104570,"3"
137181,"3"
89241,"8"
106038,"6"
57096,"6"
95509,"4"
119896,"7"
140462,"3"
111372,"4"
85162,"3"
32086,"3"
41669,"4"
52534,"3"
54806,"3"
101373,"7"
87455,"3"
113465,"7"
96284,"6"
137983,"8"
123019,"3"
75614,"3"
90253,"4"
122476,"6"
80718,"3"
123282,"3"
131466,"4"
69928,"4"
101383,"6"
105194,"6"
105971,"3"
113801,"3"
114431,"3"
79001,"3"
84173,"3"
114377,"6"
75253,"3"
100019,"5"
39142,"3"
46457,"3"
47168,"3"
76937,"6"
117721,"3"
117089,"3"
40825,"3"
88750,"6"
114544,"3"
106272,"3"
50471,"3"
93546,"3"
43520,"3"
98734,"3"
106131,"3"
126263,"3"
86619,"5"
83614,"3"
83371,"3"
78376,"5"
97637,"4"
35043,"4"
131128,"3"
77705,"3"
56106,"3"
78574,"3"
131822,"3"
122989,"7"
93944,"3"
120080,"3"
125106,"6"
99230,"7"
57780,"3"
109319,"3"
132820,"4"
94821,"4"
73078,"4"
37301,"4"
125191,"3"
42450,"3"
112241,"3"
85163,"4"
54807,"3"
43517,"3"
79114,"5"
37913,"7"
133448,"3"
134372,"3"
61549,"3"
35958,"3"
86748,"4"
114997,"3"
103184,"3"
117902,"6"
62835,"4"
65870,"5"
114916,"8"
90708,"3"
59027,"3"
82970,"3"
73017,"3"
44712,"3"
62893,"3"
83416,"5"
120220,"4"
119209,"3"
116097,"4"
42215,"3"
105054,"3"
30691,"3"
38342,"6"
53470,"3"
124569,"4"
113294,"4"
80617,"4"
140193,"3"
48873,"3"
104807,"6"
91023,"4"
62335,"6"
86219,"3"
62602,"4"
133323,"3"
90714,"3"
32698,"3"
76554,"3"
31303,"3"
134029,"4"
123467,"4"
128664,"5"
131484,"3"
76159,"6"
98847,"6"
111322,"3"
133346,"3"
101467,"3"
131577,"3"
43790,"3"
125793,"4"
127741,"3"
102768,"5"
61118,"4"
140077,"4"
80787,"4"
121790,"3"
53997,"8"
85235,"6"
117534,"4"
56289,"8"
107995,"4"
82242,"3"
131804,"3"
35701,"3"
96850,"5"
39231,"3"
97472,"3"
56594,"6"
136982,"7"
51042,"5"
127933,"8"
122058,"4"
114360,"5"
68882,"4"
92423,"4"
95252,"3"
81969,"3"
88317,"4"
134230,"3"
65157,"3"
116483,"6"
85460,"8"
97963,"3"
60208,"3"
66655,"4"
84805,"3"
139226,"3"
85752,"7"
36894,"6"
109046,"3"
83780,"3"
31461,"3"
106946,"3"
115988,"3"
98502,"7"
81467,"3"
46776,"3"
69329,"3"
44703,"6"
99924,"3"
119267,"3"
119261,"3"
86924,"6"
95696,"3"
31978,"5"
121356,"3"
40924,"5"
96681,"8"
130067,"4"
77583,"3"
126717,"3"
130551,"7"
36556,"3"
60321,"7"
91288,"6"
88570,"3"
108348,"5"
121668,"6"
134248,"4"
99228,"6"
105881,"3"
111199,"5"
54530,"3"
53135,"3"
132529,"4"
133440,"3"
135343,"4"
138710,"3"
67784,"3"
78289,"3"
91010,"7"
115859,"3"
96907,"3"
81980,"3"
94082,"3"
64830,"3"
121594,"3"
122998,"5"
112881,"6"
122373,"6"
58319,"7"
65615,"5"
61147,"3"
81692,"3"
84677,"4"
103367,"3"
79002,"4"
69955,"3"
100682,"3"
77905,"3"
93280,"6"
130098,"3"
81468,"3"
29956,"3"
36592,"3"
32976,"5"
102737,"3"
106264,"5"
76105,"5"
40335,"3"
132770,"5"
112930,"3"
30132,"8"
49383,"4"
77443,"3"
97142,"3"
113166,"3"
92239,"5"
95566,"3"
122613,"3"
49476,"4"
111266,"3"
115986,"3"
108135,"6"
121935,"3"
107689,"8"
43889,"6"
52344,"8"
77704,"5"
61137,"3"
61649,"3"
134385,"5"
134432,"7"
47782,"3"
56681,"4"
42441,"4"
49847,"8"
114274,"4"
124817,"4"
85610,"3"
99997,"4"
46957,"3"
59559,"6"
121850,"3"
62841,"3"
59480,"4"
113261,"5"
68406,"3"
118101,"3"
119212,"3"
67914,"6"
109039,"3"
56280,"3"
41210,"3"
101098,"3"
125531,"3"
29501,"3"
91431,"3"
65178,"4"
83043,"3"
42694,"4"
112756,"3"
99576,"8"
40241,"8"
35268,"3"
113142,"9"
83628,"8"
39272,"3"
44086,"3"
114502,"3"
120966,"3"
84781,"5"
87964,"4"
36027,"3"
35150,"4"
93100,"3"
119570,"6"
52697,"4"
37977,"3"
102921,"3"
118704,"3"
91309,"3"
77446,"8"
78506,"3"
89261,"5"
33729,"3"
103294,"3"
124719,"3"
102546,"3"
113081,"8"
54121,"5"
82798,"3"
55071,"3"
108733,"6"
83414,"5"
120669,"3"
30844,"3"
44965,"3"
102590,"3"
137837,"3"
100960,"3"
62381,"3"
127897,"3"
131425,"3"
134071,"8"
82912,"6"
41135,"4"
130495,"4"
33741,"6"
52405,"3"
139864,"3"
88525,"5"
48244,"8"
122306,"3"
125273,"3"
129026,"4"
93649,"3"
132649,"4"
78196,"3"
134653,"3"
86792,"4"
50811,"8"
71318,"4"
105144,"4"
112873,"4"
53663,"5"
97790,"4"
82555,"8"
110416,"7"
44612,"3"
123423,"3"
70786,"3"
134247,"7"
120290,"5"
113614,"3"
113626,"3"
84029,"4"
129030,"3"
88122,"3"
39984,"3"
121191,"5"
134595,"3"
102494,"6"
100954,"3"
67349,"3"
130696,"3"
43257,"4"
75711,"8"
86475,"3"
64984,"5"
109436,"3"
74238,"7"
96683,"8"
109741,"3"
119198,"7"
80348,"8"
137295,"3"
122456,"8"
103983,"3"
45905,"3"
136666,"3"
125165,"5"
111028,"3"
115028,"3"
130418,"8"
71826,"3"
77174,"6"
79251,"5"
81792,"3"
125112,"6"
31565,"5"
122003,"6"
104817,"4"
45517,"5"
104822,"3"
50164,"3"
107048,"7"
83236,"3"
55999,"3"
29578,"8"
90611,"3"
96455,"3"
72359,"5"
31060,"3"
133519,"6"
121848,"3"
65087,"8"
117990,"3"
93270,"8"
140379,"8"
49236,"5"
81861,"3"
123421,"5"
40629,"3"
98032,"8"
50689,"3"
85283,"3"
123870,"3"
60628,"8"
48432,"8"
32920,"3"
72205,"3"
78774,"6"
61490,"4"
90375,"3"
106853,"3"
104565,"3"
84493,"6"
94088,"8"
130853,"5"
75899,"7"
55978,"3"
88512,"3"
60703,"3"
38551,"6"
133964,"3"
118786,"3"
29623,"4"
69091,"6"
61582,"8"
117827,"3"
42902,"3"
97225,"5"
58102,"3"
65300,"4"
103893,"3"
29895,"5"
35247,"4"
63775,"3"
73486,"3"
86036,"8"
158633,"3"
145452,"4"
155037,"8"
159713,"3"
158907,"4"
167769,"5"
157959,"3"
147715,"3"
161285,"3"
141154,"4"
142093,"3"
141223,"3"
147499,"3"
164804,"4"
155566,"8"
142691,"8"
149632,"7"
164291,"3"
142309,"3"
168155,"3"
175969,"6"
150543,"6"
171190,"3"
152519,"3"
158823,"3"
145977,"3"
148645,"3"
162051,"3"
151797,"8"
147122,"3"
151989,"3"
152393,"4"
154964,"3"
170236,"4"
170743,"4"
173733,"12"
151144,"4"
172953,"3"
142692,"8"
151352,"3"
168161,"3"
173436,"3"
145234,"4"
152398,"3"
165382,"3"
172951,"3"
151690,"3"
159648,"5"
180217,"5"
154849,"3"
143219,"3"
160053,"3"
179247,"4"
179005,"3"
143121,"3"
176593,"5"
167145,"4"
169066,"4"
156199,"3"
162457,"3"
160875,"3"
161887,"5"
165763,"6"
142476,"3"
148397,"3"
171648,"8"
152594,"3"
162475,"4"
149999,"4"
154988,"3"
165313,"5"
155692,"3"
163671,"3"
170537,"7"
158145,"3"
149771,"7"
156940,"3"
167364,"3"
141180,"3"
158374,"3"
142217,"5"
173117,"8"
143164,"8"
153975,"3"
162008,"3"
171339,"5"
176557,"3"
158717,"6"
141751,"4"
173365,"6"
172880,"5"
179729,"3"
179542,"3"
160703,"3"
149420,"3"
165451,"4"
151192,"8"
142234,"3"
155403,"8"
173134,"3"
174785,"3"
174269,"3"
146442,"3"
149564,"3"
166770,"3"
146327,"6"
156742,"4"
141170,"5"
160332,"3"
167036,"6"
155444,"4"
172311,"3"
145991,"3"
147889,"6"
166661,"3"
172988,"8"
147020,"4"
169498,"3"
152453,"3"
173860,"5"
155132,"3"
156303,"3"
167075,"3"
156574,"3"
166240,"4"
166462,"8"
148831,"5"
156568,"3"
167096,"3"
151902,"4"
159197,"8"
161803,"4"
164974,"8"
143830,"3"
172516,"3"
171587,"3"
163778,"3"
148773,"4"
167763,"7"
167517,"4"
166807,"3"
142266,"3"
157432,"3"
156965,"3"
141532,"3"
171721,"3"
173281,"3"
150881,"5"
148209,"4"
170692,"3"
168474,"3"
155222,"6"
162440,"6"
150087,"3"
173001,"8"
151876,"4"
158226,"3"
177433,"7"
150979,"3"
167865,"3"
140740,"3"
141633,"4"
142737,"4"
164697,"3"
148428,"8"
152894,"3"
169528,"4"
175809,"3"
165399,"3"
173126,"4"
175123,"3"
179406,"3"
151986,"3"
170063,"3"
145247,"3"
147038,"3"
144874,"6"
150962,"3"
170991,"4"
158611,"5"
172244,"4"
150044,"5"
160792,"7"
143784,"5"
173580,"3"
143838,"6"
140753,"4"
148897,"3"
161125,"8"
145148,"8"
142173,"3"
171583,"3"
160014,"3"
176769,"5"
153172,"8"
152385,"8"
148712,"3"
170361,"3"
141319,"3"
174260,"6"
152314,"3"
170552,"3"
154738,"3"
141969,"5"
169307,"3"
174272,"7"
145567,"3"
141004,"8"
150997,"3"
162401,"3"
167621,"3"
167556,"3"
169552,"4"
176289,"5"
176078,"8"
164263,"5"
179273,"4"
146876,"8"
161590,"5"
141786,"3"
146955,"4"
179381,"4"
179979,"6"
141222,"4"
142071,"3"
172635,"3"
142224,"6"
142358,"4"
150632,"5"
173008,"3"
175793,"5"
149486,"3"
178120,"4"
142281,"3"
175633,"3"
145466,"3"
163397,"4"
164011,"7"
178997,"4"
151602,"4"
159841,"8"
148163,"4"
173051,"5"
158435,"8"
145686,"6"
153965,"3"
166188,"7"
169738,"3"
148525,"5"
168147,"3"
141065,"4"
154855,"7"
144842,"3"
166098,"4"
153598,"5"
178360,"3"
166357,"4"
159571,"3"
171070,"3"
165599,"3"
171999,"4"
175518,"8"
163714,"3"
152073,"4"
165405,"4"
140752,"3"
153922,"4"
157892,"8"
145698,"4"
174406,"3"
177402,"6"
154206,"3"
164244,"4"
150195,"6"
150582,"3"
171107,"4"
179846,"8"
159426,"8"
160358,"4"
154753,"4"
153973,"4"
150148,"3"
168056,"4"
151918,"7"
146772,"4"
142662,"4"
155028,"3"
142356,"3"
163954,"3"
179122,"4"
154970,"4"
151582,"7"
157289,"3"
155172,"4"
156611,"7"
149567,"4"
168453,"3"
152309,"3"
152595,"3"
175500,"4"
173401,"5"
170362,"4"
163587,"7"
151112,"13"
176127,"6"
165655,"3"
152222,"3"
146758,"4"
145085,"3"
143446,"4"
162234,"3"
151530,"3"
156093,"4"
160968,"3"
176961,"3"
148172,"6"
148263,"3"
140906,"7"
174781,"4"
158313,"3"
173283,"5"
159643,"6"
145662,"3"
157230,"3"
177179,"8"
176658,"3"
177967,"3"
148894,"3"
175178,"3"
146100,"4"
171616,"7"
151990,"3"
180128,"3"
176424,"3"
149085,"4"
153410,"3"
165568,"3"
174959,"3"
151019,"3"
170009,"3"
146763,"3"
167518,"3"
145646,"3"
143908,"3"
150537,"3"
155606,"8"
180093,"3"
148205,"3"
141662,"3"
166576,"3"
159565,"4"
163341,"3"
168188,"8"
157261,"6"
161873,"3"
142570,"6"
146350,"3"
177663,"3"
159264,"3"
168178,"3"
169223,"5"
161906,"4"
174463,"4"
172714,"5"
179815,"6"
159969,"3"
156053,"4"
165024,"3"
156947,"3"
175563,"3"
155093,"3"
170490,"7"
176290,"5"
171150,"3"
150526,"3"
168652,"3"
148143,"6"
163927,"6"
172941,"5"
153751,"4"
172879,"3"
157212,"8"
144634,"4"
146352,"3"
152988,"3"
147096,"3"
164528,"6"
160275,"6"
161730,"4"
152223,"3"
157940,"3"
154182,"5"
180167,"4"
180122,"5"
161178,"5"
167062,"3"
179408,"3"
158982,"4"
153852,"8"
148039,"5"
142724,"3"
171210,"3"
172332,"4"
178216,"3"
166779,"3"
146457,"4"
152215,"6"
168195,"5"
158499,"8"
146583,"3"
142984,"4"
167336,"3"
179936,"4"
172822,"3"
174408,"3"
167620,"3"
152247,"6"
162072,"4"
164510,"7"
155219,"3"
149073,"6"
171083,"3"
176668,"4"
170607,"4"
157668,"3"
168627,"5"
151984,"3"
163672,"3"
173243,"7"
171326,"3"
176768,"5"
152748,"5"
147172,"6"
165365,"4"
152533,"4"
142627,"3"
162223,"3"
167047,"3"
177128,"3"
161556,"3"
155665,"3"
151581,"5"
165314,"4"
160344,"3"
163419,"3"
147860,"3"
172985,"8"
158377,"3"
145451,"5"
152211,"6"
148197,"3"
169181,"4"
153437,"3"
163396,"6"
164188,"3"
145742,"6"
162489,"3"
150121,"8"
165660,"5"
152205,"3"
165457,"3"
143169,"3"
173400,"3"
164681,"5"
162164,"8"
163340,"3"
156967,"3"
178427,"6"
143598,"3"
160081,"8"
169029,"6"
159082,"3"
167347,"3"
165952,"3"
178195,"3"
156584,"3"
159048,"3"
149593,"3"
173491,"3"
179379,"3"
153556,"3"
157129,"4"
143910,"3"
158920,"4"
164688,"5"
169311,"3"
148488,"3"
172232,"3"
179036,"3"
161738,"3"
167460,"3"
165718,"5"
154260,"4"
141804,"3"
179705,"8"
155406,"3"
156092,"3"
170049,"3"
173009,"4"
161917,"4"
144972,"8"
151789,"6"
149853,"3"
162147,"4"
160354,"3"
177518,"3"
173124,"3"
160955,"8"
168044,"4"
150467,"4"
162553,"3"
179168,"6"
163599,"8"
172419,"3"
157819,"3"
166106,"3"
145723,"4"
141943,"4"
180090,"4"
173583,"3"
172064,"3"
156368,"4"
162836,"3"
159442,"4"
177209,"4"
146675,"3"
161515,"5"
168339,"7"
147456,"7"
154566,"3"
164019,"3"
156386,"4"
173215,"3"
141171,"3"
170102,"3"
143956,"3"
156819,"5"
171720,"3"
175807,"3"
154148,"6"
165473,"3"
147446,"8"
168175,"3"
141637,"3"
167104,"3"
153657,"4"
142175,"4"
162707,"8"
169411,"3"
145379,"6"
141466,"5"
160465,"4"
165695,"3"
145671,"3"
175656,"3"
178270,"6"
141661,"3"
174221,"6"
178145,"8"
173118,"7"
152003,"3"
141260,"3"
142795,"3"
153315,"3"
175864,"3"
162182,"3"
177677,"4"
140635,"3"
154017,"3"
166974,"3"
177806,"3"
153075,"7"
179763,"3"
174831,"3"
168385,"3"
174036,"3"
178649,"4"
168876,"3"
140778,"3"
163772,"8"
150008,"3"
149377,"3"
174742,"3"
174399,"3"
150912,"3"
145806,"3"
160653,"3"
169366,"5"
145295,"5"
173375,"3"
150411,"8"
158151,"3"
169545,"4"
174332,"3"
156991,"3"
145046,"6"
158077,"3"
158452,"3"
177284,"6"
167735,"4"
166011,"3"
153719,"3"
144071,"5"
159649,"3"
165764,"6"
158247,"3"
150852,"3"
177965,"3"
159896,"6"
168536,"4"
177966,"3"
179837,"8"
142904,"4"
154774,"5"
160750,"7"
150506,"3"
172137,"3"
151371,"4"
180036,"3"
163937,"8"
150998,"3"
178942,"3"
148180,"3"
152887,"3"
152893,"3"
154481,"5"
159243,"7"
148110,"3"
154259,"4"
148142,"6"
171316,"4"
147616,"3"
173096,"5"
175991,"4"
171127,"3"
158153,"4"
165659,"4"
173662,"4"
158433,"5"
148646,"4"
159252,"3"
166517,"7"
176369,"3"
160303,"5"
152749,"4"
179192,"4"
152163,"3"
146182,"3"
172521,"3"
159325,"5"
179444,"3"
153735,"3"
142687,"3"
163429,"3"
149660,"3"
150080,"4"
169961,"3"
146353,"4"
157108,"3"
167854,"8"
148148,"4"
175821,"5"
149776,"7"
171814,"3"
156686,"3"
177771,"3"
163325,"6"
168051,"3"
163692,"3"
177080,"8"
146836,"3"
160280,"8"
162416,"5"
176406,"5"
155182,"3"
165194,"7"
152765,"3"
147766,"5"
159970,"3"
166704,"3"
160742,"3"
152054,"3"
175216,"5"
155055,"5"
161884,"3"
178760,"3"
150170,"6"
140862,"3"
174364,"3"
145546,"3"
177999,"3"
142653,"8"
161179,"3"
156408,"4"
142581,"3"
174081,"3"
160806,"4"
142859,"3"
165276,"3"
157965,"3"
175949,"4"
165073,"6"
150930,"3"
145431,"3"
149862,"3"
174724,"3"
165415,"4"
152615,"3"
156489,"3"
152803,"3"
159516,"8"
166999,"6"
178598,"3"
154237,"4"
167362,"4"
167585,"8"
165261,"3"
179472,"3"
176225,"4"
180075,"3"
163043,"5"
164694,"3"
158600,"3"
141146,"3"
150295,"8"
166204,"3"
163519,"3"
173988,"3"
144027,"4"
160922,"8"
172430,"3"
169902,"3"
152313,"3"
158118,"3"
161975,"3"
143769,"3"
179845,"8"
147094,"4"
152761,"4"
166574,"8"
146148,"3"
149365,"6"
168731,"4"
151790,"6"
160861,"5"
145513,"3"
153666,"3"
172208,"3"
157267,"3"
153119,"3"
154673,"3"
162515,"6"
173309,"7"
172227,"8"
162180,"3"
173277,"6"
167955,"3"
160891,"3"
155446,"3"
147602,"6"
152496,"3"
153485,"3"
154285,"5"
165495,"3"
167870,"3"
145455,"4"
148694,"3"
155757,"3"
167169,"3"
140754,"3"
164368,"3"
144852,"3"
175456,"3"
160262,"7"
152274,"5"
178452,"3"
173979,"4"
157330,"3"
166783,"5"
160101,"3"
179084,"3"
163588,"7"
179407,"3"
144428,"3"
154016,"3"
178581,"3"
144009,"3"
143833,"3"
174655,"3"
170323,"5"
148074,"3"
176390,"4"
148686,"5"
145711,"3"
149097,"4"
164294,"4"
166156,"5"
179225,"3"
170786,"3"
170494,"8"
157024,"3"
157735,"7"
165654,"3"
155134,"3"
165120,"4"
146880,"3"
140921,"3"
169264,"3"
168768,"3"
151549,"3"
164880,"4"
174721,"5"
168193,"3"
167023,"4"
146768,"5"
140893,"3"
153773,"3"
146673,"3"
146297,"3"
166546,"4"
148042,"4"
173419,"3"
179062,"8"
156658,"4"
149807,"6"
149074,"3"
150022,"3"
149003,"3"
168849,"3"
149861,"3"
143935,"3"
150473,"3"
170196,"6"
140721,"4"
177259,"3"
171687,"3"
168440,"3"
148832,"4"
179415,"3"
172274,"3"
180086,"3"
149102,"5"
150086,"4"
177006,"6"
156813,"8"
175393,"4"
177890,"6"
152462,"3"
150657,"4"
143494,"3"
173396,"6"
141970,"4"
167106,"3"
150853,"3"
153775,"3"
154846,"9"
180220,"5"
160418,"3"
175517,"8"
158419,"5"
156241,"3"
167736,"3"
157391,"3"
171430,"4"
144267,"4"
155360,"3"
153834,"4"
176292,"6"
180168,"3"
173986,"6"
148038,"5"
156124,"3"
153727,"5"
143116,"3"
150865,"3"
152104,"7"
152714,"3"
163705,"8"
175868,"3"
154600,"6"
153748,"4"
149096,"3"
146349,"3"
142983,"3"
145387,"6"
143418,"3"
158929,"3"
159972,"3"
165494,"6"
175188,"4"
159686,"3"
169229,"3"
172303,"3"
178469,"3"
159336,"3"
163663,"4"
143269,"4"
159895,"4"
146149,"3"
162826,"3"
152917,"3"
170491,"6"
162937,"3"
177078,"8"
163499,"3"
173781,"8"
170784,"8"
172569,"3"
142174,"3"
179803,"3"
155019,"3"
168944,"4"
151489,"3"
178166,"3"
175861,"3"
167462,"3"
173632,"4"
148165,"4"
157040,"3"
148139,"3"
171703,"3"
154796,"3"
154672,"3"
168590,"4"
175550,"5"
176780,"3"
168580,"3"
169340,"3"
145467,"6"
142346,"6"
160476,"3"
166727,"4"
171670,"3"
154271,"6"
148181,"6"
153976,"3"
179519,"3"
175885,"6"
